"","dcterms.references","dwc.phylum","dwc.collectionID","dwc.informationWithheld","dcterms.rightsHolder","dwc.maximumDepthInMeters","dwc.higherClassification","dwc.catalogNumber","dwc.latestEraOrHighestErathem","dwc.minimumDepthInMeters","symbiota.verbatimScientificName","dcterms.accessRights","dwc.rightsHolder","idigbio.associatedRelationship","idigbio.substrate","dwc.previousIdentifications","dwc.decimalLatitude","dwc.geodeticDatum","dwc.recordNumber","dwc.taxonRemarks","idigbio.recordID","dwc.associatedReferences","inhs.dead","row.number","idigbio.preparationCount","inhs.instars_Male","idigbio.hostFamily","inhs.location_Basin","dwc.scientificNameID","dwc.preparations","fcc.pickedBy","dwc.otherCatalogNumbers","idigbio.barcodeValue","dwc.day","dwc.eventDate","dcterms.source","inhs.formII_females","idigbio.associateCommonName","dwc.verbatimDepth","fcc.datePicked","dwc.taxonRank","dwc.datasetID","dwc.minimumElevationInMeters","dwc.georeferencedDate","dwc.maximumElevationInMeters","dwc.georeferenceVerificationStatus","dwc.country","dwc.disposition","dwc.individualID","dwc.latestPeriodOrHighestSystem","dwc.originalNameUsage","dwc.earliestEraOrLowestErathem","idigbio.subfamily","dwc.establishmentMeans","http...symbiota.org.terms.verbatimScientificName","idigbio.version","dwc.nameAccordingTo","dwc.fieldNotes","dwc.rights","dwc.infraspecificEpithet","dwc.dataGeneralizations","dwc.collectionCode","dwc.endDayOfYear","dcterms.modified","dwc.order","dwc.county","dcterms.language","dwc.identificationRemarks","dwc.samplingProtocol","dwc.verbatimTaxonRank","inhs.superfamily","dwc.verbatimSRS","dwc.locality","dwc.higherGeography","dwc.verbatimEventDate","dwc.group","dwc.georeferenceRemarks","idigbio.associateAuthor","dwc.institutionID","dwc.kingdom","dwc.accessRights","dwc.eventID","dwc.verbatimCoordinateSystem","dcterms.type","dwc.associatedTaxa","dwc.startDayOfYear","dwc.subgenus","dwc.identificationQualifier","inhs.total_Males","dwc.typeStatus","dwc.coordinatePrecision","dwc.stateProvince","dwc.georeferenceProtocol","idigbio.associateNotes","dwc.earliestPeriodOrLowestSystem","dwc.recordedBy","dwc.occurrenceStatus","dwc.footprintWKT","dwc.dynamicProperties","inhs.total_females","dwc.ownerInstitutionCode","dwc.earliestEpochOrLowestSeries","dwc.verbatimLongitude","dwc.year","dwc.family","dwc.georeferenceSources","dwc.eventTime","dwc.locationID","inhs.relic","dwc.nomenclaturalStatus","idigbio.associatedFamily","dwc.verbatimLocality","dwc.verbatimElevation","dwc.dateIdentified","dwc.samplingEffort","dwc.institutionCode","dwc.nomenclaturalCode","idigbio.determinationHistory","idigbio.tribe","inhs.vouchered","dcterms.rights","dwc.taxonID","symbiotaverbatimScientificName","dwc.decimalLongitude","dwc.locationAccordingTo","dwc.vernacularName","inhs.location_Stream","fcc.subfamily","idigbio.uuid","dwc.specificEpithet","dcterms.reference","inhs.juv_males","idigbio.subgenus","dwc.latestEpochOrHighestSeries","dwc.namePublishedIn","dwc.associatedMedia","idigbio.createdBy","dwc.behavior","dwc.individualCount","dwc.lowestBiostratigraphicZone","dwc.habitat","idigbio.associateDeterminedBy","dwc.namePublishedInID","inhs.locationTrs","dwc.VerbatimEventDate","inhs.location_RiverMile","dwc.verbatimLatitude","dwc.reproductiveCondition","dwc.month","inhs.formI_males","dwc.identificationReferences","id","dwc.occurrenceID","dwc.datasetName","dwc.identificationID","dwc.georeferencedBy","dwc.municipality","idigbio.recordIds","dwc.associatedOccurrences","dwc.formation","dwc.locationRemarks","idigbio.associateCondition","dwc.preparation","dwc.occurrenceRemarks","dwc.verbatimCoordinates","dwc.coordinateUncertaintyInMeters","dwc.bed","dwc.earliestAgeOrLowestStage","dwc.countryCode","dwc.relatedResourceID","dwc.lifeStage","fcc.superfamily","dwc.sex","idigbio.recordId","inhs.formII_males","dwc.associatedSequences","dwc.class","dwc.scientificName","dwc.eventRemarks","dwc.waterBody","dwc.lithostratigraphicTerms","dwc.continent","idigbio.associateIdentifier","dwc.identifiedBy","inhs.juv_undetermined","idigbio.preservative","inhs.juv_females","idigbio.endangeredStatus","dwc.basisOfRecord","dwc.islandGroup","dwc.identificationVerificationStatus","idigbio.dateModified","inhs.live","dwc.member","dwc.scientificNameAuthorship","dwc.island","dwc.fieldNumber","inhs.instars_Female","dcterms.bibliographicCitation","idigbio.etag","dwc.genus","dwc.latestAgeOrHighestStage","idigbio.associateRelationship"
"13","http://mczbase.mcz.harvard.edu/guid/MCZ:IZ:HOL-1509","Echinodermata",NA,NA,"President and Fellows of Harvard College",NA,"Animalia Echinodermata Holothuroidea Aspidochirotida Holothuriidae Holothuria (Halodeima) atra","HOL-1509",NA,NA,NA,NA,NA,NA,NA,NA,NA,"","",NA,NA,"",NA,NA,NA,NA,NA,NA,NA,"whole animal (70% ethanol)",NA,"",NA,NA,"1932-05-21",NA,NA,NA,"",NA,NA,NA,NA,NA,NA,NA,"","not applicable",NA,NA,NA,NA,NA,NA,NA,NA,NA,NA,NA,"",NA,"IZ",NA,"2013-01-04 15:23:48.0","Aspidochirotida","","en","","",NA,NA,NA,"off Northern Territory: Port Essington, Coral Bay","Pacific Ocean, Pacific, Western Central","May 21, 1932",NA,"",NA,"b4640710-8e03-11d8-b956-b8a03c50a862","Animalia",NA,NA,"","PhysicalObject",NA,0,NA,NA,NA,"",NA,"","",NA,NA,"Harvard Australian Expedition 1931-1932",NA,NA,"",NA,"Museum of Comparative Zoology, Harvard University",NA,"",NA,"Holothuriidae","",NA,"",NA,NA,NA,NA,NA,"",NA,"MCZ","ICZN",NA,NA,NA,NA,NA,NA,NA,NA,NA,NA,NA,"d8719546-74a3-487f-b259-14b0e25903a2","atra",NA,NA,NA,NA,NA,"http://mczbase.mcz.harvard.edu/guid/MCZ:IZ:HOL-1509","872733a2-67a3-4c54-aa76-862735a5f334",NA,1,NA,"",NA,NA,NA,NA,NA,"",NA,NA,NA,NA,"d8719546-74a3-487f-b259-14b0e25903a2","MCZ:IZ:HOL-1509",NA,NA,"",NA,NA,"",NA,"",NA,NA,NA,"",NA,NA,NA,NA,NA,NA,NA,"",NA,NA,NA,"Holothuroidea","Holothuria (Halodeima) atra","","",NA,"Pacific Ocean",NA,"[no agent data]",NA,NA,NA,NA,"PreservedSpecimen",NA,"","2014-01-11T01:37:51.504Z",NA,NA,"Jaeger, 1833",NA,"",NA,NA,"0da220c27501f24700b207ea32acd994776e7e71","Holothuria",NA,NA
"44","http://mczbase.mcz.harvard.edu/guid/MCZ:IZ:HOL-549","Echinodermata",NA,NA,"President and Fellows of Harvard College",NA,"Animalia Echinodermata Holothuroidea Aspidochirotida Holothuriidae Holothuria (Halodeima) atra","HOL-549",NA,NA,NA,NA,NA,NA,NA,NA,NA,"","",NA,NA,"",NA,NA,NA,NA,NA,NA,NA,"whole animal (70% ethanol); whole animal (70% ethanol)",NA,"other number=653, 1650",NA,NA,"1859-01-01/1860-12-31",NA,NA,NA,"",NA,NA,NA,NA,NA,NA,NA,"","not applicable",NA,NA,NA,NA,NA,NA,NA,NA,NA,NA,NA,"",NA,"IZ",NA,"2014-04-17 11:40:02.0","Aspidochirotida","","en","JAR 2 - original labels are in jar 1","",NA,NA,NA,"United States, Hawaiian Islands","Pacific Ocean, Pacific, Eastern Central","1859 or 1860",NA,"",NA,"b4640710-8e03-11d8-b956-b8a03c50a862","Animalia",NA,NA,"","PhysicalObject",NA,0,NA,NA,NA,"",NA,"","",NA,NA,"Andrew Garrett, Flying Fish",NA,NA,"",NA,"Museum of Comparative Zoology, Harvard University",NA,"",NA,"Holothuriidae","",NA,"",NA,NA,NA,NA,NA,"",NA,"MCZ","ICZN",NA,NA,NA,NA,NA,NA,NA,NA,NA,NA,NA,"3aa30b46-90cf-443b-b48d-5f0184c2055b","atra",NA,NA,NA,NA,NA,"http://mczbase.mcz.harvard.edu/guid/MCZ:IZ:HOL-549","872733a2-67a3-4c54-aa76-862735a5f334",NA,1,NA,"",NA,NA,NA,NA,NA,"",NA,NA,NA,NA,"3aa30b46-90cf-443b-b48d-5f0184c2055b","MCZ:IZ:HOL-549",NA,NA,"",NA,NA,"",NA,"",NA,NA,NA,"",NA,NA,NA,NA,NA,NA,NA,"",NA,NA,NA,"Holothuroidea","Holothuria (Halodeima) atra","","",NA,"Pacific Ocean",NA,"[no agent data]",NA,NA,NA,NA,"PreservedSpecimen",NA,"","2014-07-12T15:37:11.502Z",NA,NA,"Jaeger, 1833",NA,"",NA,NA,"074d6d4dc44acdf1ff34e455f35d72204f4d2c0a","Holothuria",NA,NA
"48","http://mczbase.mcz.harvard.edu/guid/MCZ:IZ:HOL-555","Echinodermata",NA,NA,"President and Fellows of Harvard College",NA,"Animalia Echinodermata Holothuroidea Aspidochirotida Holothuriidae Holothuria (Halodeima) atra","HOL-555",NA,NA,NA,NA,NA,NA,NA,NA,NA,"","",NA,NA,"",NA,NA,NA,NA,NA,NA,NA,"whole animal (70% ethanol)",NA,"",NA,NA,"1800-01-01/1800-12-31",NA,NA,NA,"",NA,NA,NA,NA,NA,NA,NA,"","not applicable",NA,NA,NA,NA,NA,NA,NA,NA,NA,NA,NA,"",NA,"IZ",NA,"2012-12-19 13:02:26.0","Aspidochirotida","","en","","",NA,NA,NA,"off Marshall Islands","Pacific Ocean, Pacific, Eastern Central","unknown",NA,"",NA,"b4640710-8e03-11d8-b956-b8a03c50a862","Animalia",NA,NA,"","PhysicalObject",NA,0,NA,NA,NA,"",NA,"","",NA,NA,"B G Wood",NA,NA,"",NA,"Museum of Comparative Zoology, Harvard University",NA,"",NA,"Holothuriidae","",NA,"",NA,NA,NA,NA,NA,"",NA,"MCZ","ICZN",NA,NA,NA,NA,NA,NA,NA,NA,NA,NA,NA,"cfccde74-e05f-487a-9529-51d84400fb1c","atra",NA,NA,NA,NA,NA,"http://mczbase.mcz.harvard.edu/guid/MCZ:IZ:HOL-555","872733a2-67a3-4c54-aa76-862735a5f334",NA,1,NA,"",NA,NA,NA,NA,NA,"",NA,NA,NA,NA,"cfccde74-e05f-487a-9529-51d84400fb1c","MCZ:IZ:HOL-555",NA,NA,"",NA,NA,"",NA,"",NA,NA,NA,"",NA,NA,NA,NA,NA,NA,NA,"",NA,NA,NA,"Holothuroidea","Holothuria (Halodeima) atra","","",NA,"Pacific Ocean",NA,"[no agent data]",NA,NA,NA,NA,"PreservedSpecimen",NA,"","2014-07-12T13:59:50.960Z",NA,NA,"Jaeger, 1833",NA,"",NA,NA,"c1e5e296bc5dafdde8b883f9cea0689ab77da2ea","Holothuria",NA,NA
"62","http://mczbase.mcz.harvard.edu/guid/MCZ:IZ:HOL-550","Echinodermata",NA,NA,"President and Fellows of Harvard College",NA,"Animalia Echinodermata Holothuroidea Aspidochirotida Holothuriidae Holothuria (Halodeima) atra","HOL-550",NA,NA,NA,NA,NA,NA,NA,NA,NA,"","",NA,NA,"",NA,NA,NA,NA,NA,NA,NA,"whole animal (70% ethanol)",NA,"",NA,NA,"1874-04-01/1874-04-30",NA,NA,NA,"",NA,NA,NA,NA,NA,NA,NA,"","not applicable",NA,NA,NA,NA,NA,NA,NA,NA,NA,NA,NA,"",NA,"IZ",NA,"2014-06-04 10:59:19.0","Aspidochirotida","","en","","",NA,NA,NA,"United States, Hawaii","Pacific Ocean, Pacific, Eastern Central","April 1874",NA,"",NA,"b4640710-8e03-11d8-b956-b8a03c50a862","Animalia",NA,NA,"","PhysicalObject",NA,0,NA,NA,NA,"",NA,"","",NA,NA,"Dr. W. H. Jones",NA,NA,"",NA,"Museum of Comparative Zoology, Harvard University",NA,"",NA,"Holothuriidae","",NA,"",NA,NA,NA,NA,NA,"",NA,"MCZ","ICZN",NA,NA,NA,NA,NA,NA,NA,NA,NA,NA,NA,"8d940682-34ff-46ff-8298-02b2f35976b1","atra",NA,NA,NA,NA,NA,"http://mczbase.mcz.harvard.edu/guid/MCZ:IZ:HOL-550","872733a2-67a3-4c54-aa76-862735a5f334",NA,1,NA,"",NA,NA,NA,NA,NA,"",NA,NA,NA,NA,"8d940682-34ff-46ff-8298-02b2f35976b1","MCZ:IZ:HOL-550",NA,NA,"",NA,NA,"",NA,"",NA,NA,NA,"",NA,NA,NA,NA,NA,NA,NA,"",NA,NA,NA,"Holothuroidea","Holothuria (Halodeima) atra","","",NA,"Pacific Ocean",NA,"[no agent data]",NA,NA,NA,NA,"PreservedSpecimen",NA,"","2014-07-12T21:09:12.452Z",NA,NA,"Jaeger, 1833",NA,"",NA,NA,"82dd42dbc5380c1530e5bd1e1de0630cbf31f560","Holothuria",NA,NA
"73","http://mczbase.mcz.harvard.edu/guid/MCZ:IZ:HOL-1508","Echinodermata",NA,NA,"President and Fellows of Harvard College",NA,"Animalia Echinodermata Holothuroidea Aspidochirotida Holothuriidae Holothuria (Halodeima) atra","HOL-1508",NA,NA,NA,NA,NA,NA,NA,NA,-15.34278,"WGS84","",NA,NA,"",NA,NA,NA,NA,NA,NA,NA,"whole animal (70% ethanol)",NA,"",NA,NA,"1933-01-01/1933-12-31",NA,NA,NA,"",NA,NA,NA,NA,NA,NA,NA,"","not applicable",NA,NA,NA,NA,NA,NA,NA,NA,NA,NA,NA,"",NA,"IZ",NA,"2014-04-04 14:51:24.0","Aspidochirotida","","en","","",NA,NA,NA,"Australia, Western Australia, Augustus Island","Indian Ocean, Indian Ocean, Eastern","1933",NA,"",NA,"b4640710-8e03-11d8-b956-b8a03c50a862","Animalia",NA,NA,"decimal degrees","PhysicalObject",NA,0,NA,NA,NA,"",14857,"","GEOLocate",NA,NA,"Beresford E. Bardwell",NA,NA,"",NA,"Museum of Comparative Zoology, Harvard University",NA,"124.53833d",NA,"Holothuriidae","GEOLocate",NA,"",NA,NA,NA,NA,NA,"",NA,"MCZ","ICZN",NA,NA,NA,NA,NA,NA,124.53833,NA,NA,NA,NA,"f13cb16a-1536-401b-a8a0-f35a2e713741","atra",NA,NA,NA,NA,NA,"http://mczbase.mcz.harvard.edu/guid/MCZ:IZ:HOL-1508","872733a2-67a3-4c54-aa76-862735a5f334",NA,1,NA,"",NA,NA,NA,NA,NA,"-15.34278d",NA,NA,NA,NA,"f13cb16a-1536-401b-a8a0-f35a2e713741","MCZ:IZ:HOL-1508",NA,NA,"Jessica Anne Mullen",NA,NA,"",NA,"",NA,NA,NA,"",14857,NA,NA,NA,NA,NA,NA,"",NA,NA,NA,"Holothuroidea","Holothuria (Halodeima) atra","","",NA,"Indian Ocean",NA,"[no agent data]",NA,NA,NA,NA,"PreservedSpecimen",NA,"unverified","2014-07-13T05:21:09.229Z",NA,NA,"Jaeger, 1833",NA,"",NA,NA,"3f79ac4da2b397b375c2fbdb0b6b14296bd55cfe","Holothuria",NA,NA
"307","http://mczbase.mcz.harvard.edu/guid/MCZ:IZ:HOL-4050","Echinodermata",NA,NA,"President and Fellows of Harvard College",NA,"Animalia Echinodermata Holothuroidea Aspidochirotida Holothuriidae Holothuria (Halodeima) atra","HOL-4050",NA,NA,NA,NA,NA,NA,NA,NA,NA,"","",NA,NA,"",NA,NA,NA,NA,NA,NA,NA,"whole animal (70% ethanol)",NA,"",NA,NA,"1963-07-04",NA,NA,NA,"",NA,NA,NA,NA,NA,NA,NA,"","not applicable",NA,NA,NA,NA,NA,NA,NA,NA,NA,NA,NA,"",NA,"IZ",NA,"2013-01-04 15:02:34.0","Aspidochirotida","","en","","",NA,NA,NA,"Guam, outside of Taraque","Pacific Ocean, Pacific, Western Central","1963-07-04",NA,"",NA,"b4640710-8e03-11d8-b956-b8a03c50a862","Animalia",NA,NA,"","PhysicalObject",NA,0,NA,NA,NA,"",NA,"","",NA,NA,"David F. Truett",NA,NA,"",NA,"Museum of Comparative Zoology, Harvard University",NA,"",NA,"Holothuriidae","",NA,"",NA,NA,NA,NA,NA,"",NA,"MCZ","ICZN",NA,NA,NA,NA,NA,NA,NA,NA,NA,NA,NA,"1f550b6c-de58-450b-b47a-2081c18e45ad","atra",NA,NA,NA,NA,NA,"http://mczbase.mcz.harvard.edu/guid/MCZ:IZ:HOL-4050","872733a2-67a3-4c54-aa76-862735a5f334",NA,1,NA,"",NA,NA,NA,NA,NA,"",NA,NA,NA,NA,"1f550b6c-de58-450b-b47a-2081c18e45ad","MCZ:IZ:HOL-4050",NA,NA,"",NA,NA,"",NA,"",NA,NA,NA,"",NA,NA,NA,NA,NA,NA,NA,"",NA,NA,NA,"Holothuroidea","Holothuria (Halodeima) atra","","",NA,"Pacific Ocean",NA,"Elisabeth Deichmann",NA,NA,NA,NA,"PreservedSpecimen",NA,"","2014-01-10T16:21:59.652Z",NA,NA,"Jaeger, 1833",NA,"",NA,NA,"97a640f43a11018c351c465150f3b2da1afd2343","Holothuria",NA,NA
"333","http://mczbase.mcz.harvard.edu/guid/MCZ:IZ:HOL-559","Echinodermata",NA,NA,"President and Fellows of Harvard College",NA,"Animalia Echinodermata Holothuroidea Aspidochirotida Holothuriidae Holothuria (Halodeima) atra","HOL-559",NA,NA,NA,NA,NA,NA,NA,NA,9.87541,"WGS84","",NA,NA,"",NA,NA,NA,NA,NA,NA,NA,"whole animal (70% ethanol)",NA,"",NA,NA,"1800-01-01/1899-12-31",NA,NA,NA,"",NA,NA,NA,NA,NA,NA,NA,"","not applicable",NA,NA,NA,NA,NA,NA,NA,NA,NA,NA,NA,"",NA,"IZ",NA,"2014-06-09 15:21:53.0","Aspidochirotida","","en","","",NA,NA,NA,"Philippines, Bohol","Pacific Ocean, Pacific, Western Central","late 1800&#39;s",NA,"",NA,"b4640710-8e03-11d8-b956-b8a03c50a862","Animalia",NA,NA,"decimal degrees","PhysicalObject",NA,0,NA,NA,NA,"",46433,"","Google Earth",NA,NA,"Carl Semper",NA,NA,"",NA,"Museum of Comparative Zoology, Harvard University",NA,"124.43293d",NA,"Holothuriidae","Google Earth",NA,"",NA,NA,NA,NA,NA,"",NA,"MCZ","ICZN",NA,NA,NA,NA,NA,NA,124.43293,NA,NA,NA,NA,"76069027-31c0-498d-9241-0b7651fdeb6b","atra",NA,NA,NA,NA,NA,"http://mczbase.mcz.harvard.edu/guid/MCZ:IZ:HOL-559","872733a2-67a3-4c54-aa76-862735a5f334",NA,1,NA,"",NA,NA,NA,NA,NA,"9.87541d",NA,NA,NA,NA,"76069027-31c0-498d-9241-0b7651fdeb6b","MCZ:IZ:HOL-559",NA,NA,"Penny Benson",NA,NA,"",NA,"",NA,NA,NA,"",46433,NA,NA,NA,NA,NA,NA,"",NA,NA,NA,"Holothuroidea","Holothuria (Halodeima) atra","","",NA,"Pacific Ocean",NA,"[no agent data]",NA,NA,NA,NA,"PreservedSpecimen",NA,"unverified","2014-07-12T14:45:47.287Z",NA,NA,"Jaeger, 1833",NA,"",NA,NA,"27de7808c29dc23e8cd791fb91311ae6bcbc7d67","Holothuria",NA,NA
"338","http://mczbase.mcz.harvard.edu/guid/MCZ:IZ:HOL-558","Echinodermata",NA,NA,"President and Fellows of Harvard College",NA,"Animalia Echinodermata Holothuroidea Aspidochirotida Holothuriidae Holothuria (Halodeima) atra","HOL-558",NA,NA,NA,NA,NA,NA,NA,NA,NA,"","",NA,NA,"",NA,NA,NA,NA,NA,NA,NA,"whole animal (70% ethanol)",NA,"",NA,NA,"1911-01-01/1911-01-31",NA,NA,NA,"",NA,NA,NA,NA,NA,NA,NA,"","not applicable",NA,NA,NA,NA,NA,NA,NA,NA,NA,NA,NA,"",NA,"IZ",NA,"2012-12-19 13:02:27.0","Aspidochirotida","","en","","",NA,NA,NA,"New Hebrides (Vanuatu) ; Espiritu Santo, Tongoa","Pacific Ocean, Pacific, Western Central","January 1911",NA,"",NA,"b4640710-8e03-11d8-b956-b8a03c50a862","Animalia",NA,NA,"","PhysicalObject",NA,0,NA,NA,NA,"",NA,"","",NA,NA,"Joseph Annand",NA,NA,"",NA,"Museum of Comparative Zoology, Harvard University",NA,"",NA,"Holothuriidae","",NA,"",NA,NA,NA,NA,NA,"",NA,"MCZ","ICZN",NA,NA,NA,NA,NA,NA,NA,NA,NA,NA,NA,"b65ba167-cf49-4ad6-aeaf-4791c6568813","atra",NA,NA,NA,NA,NA,"http://mczbase.mcz.harvard.edu/guid/MCZ:IZ:HOL-558","872733a2-67a3-4c54-aa76-862735a5f334",NA,1,NA,"",NA,NA,NA,NA,NA,"",NA,NA,NA,NA,"b65ba167-cf49-4ad6-aeaf-4791c6568813","MCZ:IZ:HOL-558",NA,NA,"",NA,NA,"",NA,"",NA,NA,NA,"",NA,NA,NA,NA,NA,NA,NA,"",NA,NA,NA,"Holothuroidea","Holothuria (Halodeima) atra","","",NA,"Pacific Ocean",NA,"[no agent data]",NA,NA,NA,NA,"PreservedSpecimen",NA,"","2014-07-13T04:54:17.792Z",NA,NA,"Jaeger, 1833",NA,"",NA,NA,"c1f65636f3dd72d18607ed2f64dee297fda894c0","Holothuria",NA,NA
"344","http://mczbase.mcz.harvard.edu/guid/MCZ:IZ:HOL-539","Echinodermata",NA,NA,"President and Fellows of Harvard College",NA,"Animalia Echinodermata Holothuroidea Aspidochirotida Holothuriidae Holothuria (Halodeima) atra","HOL-539",NA,NA,NA,NA,NA,NA,NA,NA,NA,"","",NA,NA,"",NA,NA,NA,NA,NA,NA,NA,"whole animal (70% ethanol)",NA,"",NA,NA,"1928-01-01/1929-12-31",NA,NA,NA,"",NA,NA,NA,NA,NA,NA,NA,"","not applicable",NA,NA,NA,NA,NA,NA,NA,NA,NA,NA,NA,"",NA,"IZ",NA,"2014-05-13 11:19:48.0","Aspidochirotida","","en","","",NA,NA,NA,"Australia, Queensland, Low Isle","Pacific Ocean, Pacific, Western Central","unknown",NA,"",NA,"b4640710-8e03-11d8-b956-b8a03c50a862","Animalia",NA,NA,"","PhysicalObject",NA,0,NA,NA,NA,"",NA,"","",NA,NA,"Hubert Lyman Clark, Great Barrier Reef Expedition - 1928-1929",NA,NA,"",NA,"Museum of Comparative Zoology, Harvard University",NA,"",NA,"Holothuriidae","",NA,"",NA,NA,NA,NA,NA,"",NA,"MCZ","ICZN",NA,NA,NA,NA,NA,NA,NA,NA,NA,NA,NA,"de2d9eb2-a910-4b03-8600-b250dda66655","atra",NA,NA,NA,NA,NA,"http://mczbase.mcz.harvard.edu/guid/MCZ:IZ:HOL-539","872733a2-67a3-4c54-aa76-862735a5f334",NA,1,NA,"",NA,NA,NA,NA,NA,"",NA,NA,NA,NA,"de2d9eb2-a910-4b03-8600-b250dda66655","MCZ:IZ:HOL-539",NA,NA,"",NA,NA,"",NA,"",NA,NA,NA,"",NA,NA,NA,NA,NA,NA,NA,"",NA,NA,NA,"Holothuroidea","Holothuria (Halodeima) atra","","",NA,"Pacific Ocean",NA,"Hubert Lyman Clark",NA,NA,NA,NA,"PreservedSpecimen",NA,"","2014-07-13T02:07:44.166Z",NA,NA,"Jaeger, 1833",NA,"",NA,NA,"3039c094b23045a9f0b398246322007601b786b4","Holothuria",NA,NA
"355","http://mczbase.mcz.harvard.edu/guid/MCZ:IZ:HOL-552","Echinodermata",NA,NA,"President and Fellows of Harvard College",NA,"Animalia Echinodermata Holothuroidea Aspidochirotida Holothuriidae Holothuria (Halodeima) atra","HOL-552",NA,NA,NA,NA,NA,NA,NA,NA,NA,"","",NA,NA,"",NA,NA,NA,NA,NA,NA,NA,"whole animal (70% ethanol)",NA,"",NA,NA,"1870-01-01/1879-01-01",NA,NA,NA,"",NA,NA,NA,NA,NA,NA,NA,"","not applicable",NA,NA,NA,NA,NA,NA,NA,NA,NA,NA,NA,"",NA,"IZ",NA,"2012-12-18 10:02:27.0","Aspidochirotida","","en","","",NA,NA,NA,"Ponape, Caroline Islands, Micronesia","Pacific Ocean, Pacific, Western Central","unknown",NA,"",NA,"b4640710-8e03-11d8-b956-b8a03c50a862","Animalia",NA,NA,"","PhysicalObject",NA,0,NA,NA,NA,"",NA,"","",NA,NA,"Albert A. Sturgis",NA,NA,"",NA,"Museum of Comparative Zoology, Harvard University",NA,"",NA,"Holothuriidae","",NA,"",NA,NA,NA,NA,NA,"",NA,"MCZ","ICZN",NA,NA,NA,NA,NA,NA,NA,NA,NA,NA,NA,"d33cb433-beaf-4f6b-85cf-cf1e6e81d245","atra",NA,NA,NA,NA,NA,"http://mczbase.mcz.harvard.edu/guid/MCZ:IZ:HOL-552","872733a2-67a3-4c54-aa76-862735a5f334",NA,1,NA,"",NA,NA,NA,NA,NA,"",NA,NA,NA,NA,"d33cb433-beaf-4f6b-85cf-cf1e6e81d245","MCZ:IZ:HOL-552",NA,NA,"",NA,NA,"",NA,"",NA,NA,NA,"",NA,NA,NA,NA,NA,NA,NA,"",NA,NA,NA,"Holothuroidea","Holothuria (Halodeima) atra","","",NA,"Pacific Ocean",NA,"[no agent data]",NA,NA,NA,NA,"PreservedSpecimen",NA,"","2014-07-12T17:39:48.467Z",NA,NA,"Jaeger, 1833",NA,"",NA,NA,"702c859264e4565a0ab50a97c44b5a03283b1d84","Holothuria",NA,NA
"369","http://mczbase.mcz.harvard.edu/guid/MCZ:IZ:HOL-551","Echinodermata",NA,NA,"President and Fellows of Harvard College",NA,"Animalia Echinodermata Holothuroidea Aspidochirotida Holothuriidae Holothuria (Halodeima) atra","HOL-551",NA,NA,NA,NA,NA,NA,NA,NA,NA,"","",NA,NA,"",NA,NA,NA,NA,NA,NA,NA,"whole animal (70% ethanol)",NA,"",NA,NA,"1898-01-01/1898-12-31",NA,NA,NA,"",NA,NA,NA,NA,NA,NA,NA,"","not applicable",NA,NA,NA,NA,NA,NA,NA,NA,NA,NA,NA,"",NA,"IZ",NA,"2012-12-18 10:02:26.0","Aspidochirotida","","en","","",NA,NA,NA,"Clipperton Island","Pacific Ocean, Pacific, Eastern Central","1898",NA,"",NA,"b4640710-8e03-11d8-b956-b8a03c50a862","Animalia",NA,NA,"","PhysicalObject",NA,0,NA,NA,NA,"",NA,"","",NA,NA,"Hubert Lyman Clark, Hopkins-Stanford Galapagos Expedition 1898-99",NA,NA,"",NA,"Museum of Comparative Zoology, Harvard University",NA,"",NA,"Holothuriidae","",NA,"",NA,NA,NA,NA,NA,"",NA,"MCZ","ICZN",NA,NA,NA,NA,NA,NA,NA,NA,NA,NA,NA,"91f47585-33e3-45fb-a1b9-fcf306559f89","atra",NA,NA,NA,NA,NA,"http://mczbase.mcz.harvard.edu/guid/MCZ:IZ:HOL-551","872733a2-67a3-4c54-aa76-862735a5f334",NA,1,NA,"",NA,NA,NA,NA,NA,"",NA,NA,NA,NA,"91f47585-33e3-45fb-a1b9-fcf306559f89","MCZ:IZ:HOL-551",NA,NA,"",NA,NA,"",NA,"",NA,NA,NA,"",NA,NA,NA,NA,NA,NA,NA,"",NA,NA,NA,"Holothuroidea","Holothuria (Halodeima) atra","","",NA,"Pacific Ocean",NA,"Hubert Lyman Clark",NA,NA,NA,NA,"PreservedSpecimen",NA,"","2014-07-12T19:58:14.763Z",NA,NA,"Jaeger, 1833",NA,"",NA,NA,"43510136ccd77e026b2c43e79e232d5608ac63c4","Holothuria",NA,NA
"599","http://mczbase.mcz.harvard.edu/guid/MCZ:IZ:HOL-1241","Echinodermata",NA,NA,"President and Fellows of Harvard College",NA,"Animalia Echinodermata Holothuroidea Aspidochirotida Holothuriidae Holothuria (Halodeima) atra","HOL-1241",NA,NA,NA,NA,NA,NA,NA,NA,NA,"","",NA,NA,"",NA,NA,NA,NA,NA,NA,NA,"whole animal (70% ethanol)",NA,"",NA,NA,"1917-01-01/1917-12-31",NA,NA,NA,"",NA,NA,NA,NA,NA,NA,NA,"","not applicable",NA,NA,NA,NA,NA,NA,NA,NA,NA,NA,NA,"",NA,"IZ",NA,"2014-06-04 11:08:20.0","Aspidochirotida","","en","","",NA,NA,NA,"Samoa, Tutuila Island, Pago Pago","Pacific Ocean, Pacific, Eastern Central","1917",NA,"",NA,"b4640710-8e03-11d8-b956-b8a03c50a862","Animalia",NA,NA,"","PhysicalObject",NA,0,NA,NA,NA,"",NA,"","",NA,NA,"John W. Mills",NA,NA,"",NA,"Museum of Comparative Zoology, Harvard University",NA,"",NA,"Holothuriidae","",NA,"",NA,NA,NA,NA,NA,"",NA,"MCZ","ICZN",NA,NA,NA,NA,NA,NA,NA,NA,NA,NA,NA,"200c2a09-ab4c-4ed6-91c2-405b49866e3e","atra",NA,NA,NA,NA,NA,"http://mczbase.mcz.harvard.edu/guid/MCZ:IZ:HOL-1241","872733a2-67a3-4c54-aa76-862735a5f334",NA,1,NA,"",NA,NA,NA,NA,NA,"",NA,NA,NA,NA,"200c2a09-ab4c-4ed6-91c2-405b49866e3e","MCZ:IZ:HOL-1241",NA,NA,"",NA,NA,"",NA,"",NA,NA,NA,"",NA,NA,NA,NA,NA,NA,NA,"",NA,NA,NA,"Holothuroidea","Holothuria (Halodeima) atra","","",NA,"Pacific Ocean",NA,"[no agent data]",NA,NA,NA,NA,"PreservedSpecimen",NA,"","2014-07-12T13:13:31.742Z",NA,NA,"Jaeger, 1833",NA,"",NA,NA,"aa8269a6e3418fbd0d24ccd7b6ec62471963908a","Holothuria",NA,NA
"627","http://mczbase.mcz.harvard.edu/guid/MCZ:IZ:HOL-546","Echinodermata",NA,NA,"President and Fellows of Harvard College",NA,"Animalia Echinodermata Holothuroidea Aspidochirotida Holothuriidae Holothuria (Halodeima) atra","HOL-546",NA,NA,NA,NA,NA,NA,NA,NA,NA,"","",NA,NA,"",NA,NA,NA,NA,NA,NA,NA,"whole animal (70% ethanol)",NA,"",NA,NA,"1859-01-01/1860-12-31",NA,NA,NA,"",NA,NA,NA,NA,NA,NA,NA,"","not applicable",NA,NA,NA,NA,NA,NA,NA,NA,NA,NA,NA,"",NA,"IZ",NA,"2014-04-17 11:40:02.0","Aspidochirotida","","en","","",NA,NA,NA,"United States, Hawaiian Islands","Pacific Ocean, Pacific, Eastern Central","1859 or 1860",NA,"",NA,"b4640710-8e03-11d8-b956-b8a03c50a862","Animalia",NA,NA,"","PhysicalObject",NA,0,NA,NA,NA,"",NA,"","",NA,NA,"Andrew Garrett",NA,NA,"",NA,"Museum of Comparative Zoology, Harvard University",NA,"",NA,"Holothuriidae","",NA,"",NA,NA,NA,NA,NA,"",NA,"MCZ","ICZN",NA,NA,NA,NA,NA,NA,NA,NA,NA,NA,NA,"1c7f9db2-191e-4925-adf9-0ca407d109be","atra",NA,NA,NA,NA,NA,"http://mczbase.mcz.harvard.edu/guid/MCZ:IZ:HOL-546","872733a2-67a3-4c54-aa76-862735a5f334",NA,1,NA,"",NA,NA,NA,NA,NA,"",NA,NA,NA,NA,"1c7f9db2-191e-4925-adf9-0ca407d109be","MCZ:IZ:HOL-546",NA,NA,"",NA,NA,"",NA,"",NA,NA,NA,"",NA,NA,NA,NA,NA,NA,NA,"",NA,NA,NA,"Holothuroidea","Holothuria (Halodeima) atra","","",NA,"Pacific Ocean",NA,"[no agent data]",NA,NA,NA,NA,"PreservedSpecimen",NA,"","2014-07-12T14:18:24.842Z",NA,NA,"Jaeger, 1833",NA,"",NA,NA,"45545492316b9692b13a1427761ee83204d5fa55","Holothuria",NA,NA
"644","http://mczbase.mcz.harvard.edu/guid/MCZ:IZ:HOL-4052","Echinodermata",NA,NA,"President and Fellows of Harvard College",NA,"Animalia Echinodermata Holothuroidea Aspidochirotida Holothuriidae Holothuria (Halodeima) atra","HOL-4052",NA,NA,NA,NA,NA,NA,NA,NA,NA,"","",NA,NA,"",NA,NA,NA,NA,NA,NA,NA,"whole animal (70% ethanol)",NA,"",NA,NA,"1946-01-01/1946-01-31",NA,NA,NA,"",NA,NA,NA,NA,NA,NA,NA,"","not applicable",NA,NA,NA,NA,NA,NA,NA,NA,NA,NA,NA,"",NA,"IZ",NA,"2013-01-04 15:02:32.0","Aspidochirotida","","en","","",NA,NA,NA,"Australia, South Australia: south coast of Kangaroo Island","Indian Ocean, Indian Ocean, Eastern","January 1946",NA,"",NA,"b4640710-8e03-11d8-b956-b8a03c50a862","Animalia",NA,NA,"","PhysicalObject",NA,0,NA,NA,NA,"",NA,"","",NA,NA,"[no agent data]",NA,NA,"",NA,"Museum of Comparative Zoology, Harvard University",NA,"",NA,"Holothuriidae","",NA,"",NA,NA,NA,NA,NA,"",NA,"MCZ","ICZN",NA,NA,NA,NA,NA,NA,NA,NA,NA,NA,NA,"455a7765-7fc3-4333-a737-896abe78db93","atra",NA,NA,NA,NA,NA,"http://mczbase.mcz.harvard.edu/guid/MCZ:IZ:HOL-4052","872733a2-67a3-4c54-aa76-862735a5f334",NA,1,NA,"",NA,NA,NA,NA,NA,"",NA,NA,NA,NA,"455a7765-7fc3-4333-a737-896abe78db93","MCZ:IZ:HOL-4052",NA,NA,"",NA,NA,"",NA,"",NA,NA,NA,"",NA,NA,NA,NA,NA,NA,NA,"",NA,NA,NA,"Holothuroidea","Holothuria (Halodeima) atra","","",NA,"Indian Ocean",NA,"[no agent data]",NA,NA,NA,NA,"PreservedSpecimen",NA,"","2014-07-13T05:14:28.302Z",NA,NA,"Jaeger, 1833",NA,"",NA,NA,"7a14a2c8c1577a85c9260c65c2cc840373cbf132","Holothuria",NA,NA
"645","http://mczbase.mcz.harvard.edu/guid/MCZ:IZ:HOL-949","Echinodermata",NA,NA,"President and Fellows of Harvard College",NA,"Animalia Echinodermata Holothuroidea Aspidochirotida Holothuriidae Holothuria (Halodeima) atra","HOL-949",NA,NA,NA,NA,NA,NA,NA,NA,NA,"","",NA,NA,"",NA,NA,NA,NA,NA,NA,NA,"whole animal (70% ethanol)",NA,"",NA,NA,"1800-01-01/1913-01-01",NA,NA,NA,"",NA,NA,NA,NA,NA,NA,NA,"","not applicable",NA,NA,NA,NA,NA,NA,NA,NA,NA,NA,NA,"",NA,"IZ",NA,"2013-01-02 12:02:27.0","Aspidochirotida","","en","","",NA,NA,NA,"Australia, West Australia","Indian Ocean, Indian Ocean, Eastern","unknown",NA,"",NA,"b4640710-8e03-11d8-b956-b8a03c50a862","Animalia",NA,NA,"","PhysicalObject",NA,0,NA,NA,NA,"",NA,"","",NA,NA,"[no agent data]",NA,NA,"",NA,"Museum of Comparative Zoology, Harvard University",NA,"",NA,"Holothuriidae","",NA,"",NA,NA,NA,NA,NA,"",NA,"MCZ","ICZN",NA,NA,NA,NA,NA,NA,NA,NA,NA,NA,NA,"709cc054-46f9-4d63-88e4-fcd718d56329","atra",NA,NA,NA,NA,NA,"http://mczbase.mcz.harvard.edu/guid/MCZ:IZ:HOL-949","872733a2-67a3-4c54-aa76-862735a5f334",NA,1,NA,"",NA,NA,NA,NA,NA,"",NA,NA,NA,NA,"709cc054-46f9-4d63-88e4-fcd718d56329","MCZ:IZ:HOL-949",NA,NA,"",NA,NA,"",NA,"",NA,NA,NA,"",NA,NA,NA,NA,NA,NA,NA,"",NA,NA,NA,"Holothuroidea","Holothuria (Halodeima) atra","","",NA,"Indian Ocean",NA,"[no agent data]",NA,NA,NA,NA,"PreservedSpecimen",NA,"","2014-07-12T18:22:35.525Z",NA,NA,"Jaeger, 1833",NA,"",NA,NA,"330d9613c84c3874581122b2dc5c4481864460aa","Holothuria",NA,NA
"647","http://mczbase.mcz.harvard.edu/guid/MCZ:IZ:HOL-968","Echinodermata",NA,NA,"President and Fellows of Harvard College",NA,"Animalia Echinodermata Holothuroidea Aspidochirotida Holothuriidae Holothuria (Halodeima) atra","HOL-968",NA,NA,NA,NA,NA,NA,NA,NA,NA,"","",NA,NA,"",NA,NA,NA,NA,NA,NA,NA,"whole animal (dry)",NA,"",NA,NA,"1913-10-01/1913-10-31",NA,NA,NA,"",NA,NA,NA,NA,NA,NA,NA,"","not applicable",NA,NA,NA,NA,NA,NA,NA,NA,NA,NA,NA,"",NA,"IZ",NA,"2013-01-02 13:36:16.0","Aspidochirotida","","en","","",NA,NA,NA,"Australia, Queensland; Torres Strait","Pacific Ocean, Pacific, Western Central","October 1913",NA,"",NA,"b4640710-8e03-11d8-b956-b8a03c50a862","Animalia",NA,NA,"","PhysicalObject",NA,0,NA,NA,NA,"",NA,"","",NA,NA,"Carnegie Expedition to the Torres Strait, Hubert Lyman Clark",NA,NA,"",NA,"Museum of Comparative Zoology, Harvard University",NA,"",NA,"Holothuriidae","",NA,"",NA,NA,NA,NA,NA,"",NA,"MCZ","ICZN",NA,NA,NA,NA,NA,NA,NA,NA,NA,NA,NA,"c7e936c7-3397-4859-979e-cf3ef14e929d","atra",NA,NA,NA,NA,NA,"http://mczbase.mcz.harvard.edu/guid/MCZ:IZ:HOL-968","872733a2-67a3-4c54-aa76-862735a5f334",NA,1,NA,"",NA,NA,NA,NA,NA,"",NA,NA,NA,NA,"c7e936c7-3397-4859-979e-cf3ef14e929d","MCZ:IZ:HOL-968",NA,NA,"",NA,NA,"",NA,"",NA,NA,NA,"",NA,NA,NA,NA,NA,NA,NA,"",NA,NA,NA,"Holothuroidea","Holothuria (Halodeima) atra","","",NA,"Pacific Ocean",NA,"Hubert Lyman Clark",NA,NA,NA,NA,"PreservedSpecimen",NA,"","2014-07-13T02:52:34.726Z",NA,NA,"Jaeger, 1833",NA,"",NA,NA,"b0fd260859734250eda8a00f8a74de5ae991f575","Holothuria",NA,NA
"936","http://mczbase.mcz.harvard.edu/guid/MCZ:IZ:HOL-1848","Echinodermata",NA,NA,"President and Fellows of Harvard College",21.9456,"Animalia Echinodermata Holothuroidea Aspidochirotida Holothuriidae Holothuria (Halodeima) atra","HOL-1848",NA,21.9456,NA,NA,NA,NA,NA,NA,NA,"","",NA,NA,"",NA,NA,NA,NA,NA,NA,NA,"whole animal (70% ethanol)",NA,"station number=33",NA,NA,"1899-01-01/1899-12-31",NA,NA,NA,"",NA,NA,NA,NA,NA,NA,NA,"","not applicable",NA,NA,NA,NA,NA,NA,NA,NA,NA,NA,NA,"",NA,"IZ",NA,"2013-01-04 11:02:26.0","Aspidochirotida","","en","","trqwl dredge",NA,NA,NA,"Indonesia: Lombok, Bay of Pidjot","Indian Ocean, Indian Ocean, Eastern","unknown",NA,"",NA,"b4640710-8e03-11d8-b956-b8a03c50a862","Animalia",NA,NA,"","PhysicalObject",NA,0,NA,NA,NA,"",NA,"","",NA,NA,"Siboga Expedition",NA,NA,"",NA,"Museum of Comparative Zoology, Harvard University",NA,"",NA,"Holothuriidae","",NA,"",NA,NA,NA,NA,NA,"",NA,"MCZ","ICZN",NA,NA,NA,NA,NA,NA,NA,NA,NA,NA,NA,"7074f4e3-84a8-4833-a63a-6e78d441b4d9","atra",NA,NA,NA,NA,NA,"http://mczbase.mcz.harvard.edu/guid/MCZ:IZ:HOL-1848","872733a2-67a3-4c54-aa76-862735a5f334",NA,1,NA,"",NA,NA,NA,NA,NA,"",NA,NA,NA,NA,"7074f4e3-84a8-4833-a63a-6e78d441b4d9","MCZ:IZ:HOL-1848",NA,NA,"",NA,NA,"",NA,"",NA,NA,NA,"",NA,NA,NA,NA,NA,NA,NA,"",NA,NA,NA,"Holothuroidea","Holothuria (Halodeima) atra","","",NA,"Indian Ocean",NA,"[no agent data]",NA,NA,NA,NA,"PreservedSpecimen",NA,"","2014-07-12T22:25:07.579Z",NA,NA,"Jaeger, 1833",NA,"",NA,NA,"a5623dc6a63e4f0ea05ada9d0fb459082b334dac","Holothuria",NA,NA
"996","http://mczbase.mcz.harvard.edu/guid/MCZ:IZ:HOL-2099","Echinodermata",NA,NA,"President and Fellows of Harvard College",NA,"Animalia Echinodermata Holothuroidea Aspidochirotida Holothuriidae Holothuria (Halodeima) atra","HOL-2099",NA,NA,NA,NA,NA,NA,NA,NA,NA,"","293-7",NA,NA,"",NA,NA,NA,NA,NA,NA,NA,"whole animal (70% ethanol)",NA,"collector number=293-7; station number=343-35",NA,NA,"1934-12-12",NA,NA,NA,"",NA,NA,NA,NA,NA,NA,NA,"","not applicable",NA,NA,NA,NA,NA,NA,NA,NA,NA,NA,NA,"",NA,"IZ",NA,"2014-07-02 13:14:56.0","Aspidochirotida","","en","","",NA,NA,NA,"Ecuador: Galapagos Islands, James Island; Sulivan Bay","Pacific Ocean, Pacific, Eastern Central","December 12, 1934",NA,"",NA,"b4640710-8e03-11d8-b956-b8a03c50a862","Animalia",NA,NA,"","PhysicalObject",NA,0,NA,NA,NA,"",NA,"","",NA,NA,"RV Velero III, Hancock Pacific Expeditions",NA,NA,"",NA,"Museum of Comparative Zoology, Harvard University",NA,"",NA,"Holothuriidae","",NA,"",NA,NA,NA,NA,NA,"",NA,"MCZ","ICZN",NA,NA,NA,NA,NA,NA,NA,NA,NA,NA,NA,"35ca7d36-d670-4918-95c2-1f8b341b7266","atra",NA,NA,NA,NA,NA,"http://mczbase.mcz.harvard.edu/guid/MCZ:IZ:HOL-2099","872733a2-67a3-4c54-aa76-862735a5f334",NA,1,NA,"",NA,NA,NA,NA,NA,"",NA,NA,NA,NA,"35ca7d36-d670-4918-95c2-1f8b341b7266","MCZ:IZ:HOL-2099",NA,NA,"",NA,NA,"from same lot as          <a href=""http://arctos.database.museum/SpecimenDetail.cfm?collection_object_id=3415567""> MCZ IZ 128113</a>",NA,"",NA,NA,NA,"",NA,NA,NA,NA,NA,NA,NA,"",NA,NA,NA,"Holothuroidea","Holothuria (Halodeima) atra","","",NA,"Pacific Ocean",NA,"[no agent data]",NA,NA,NA,NA,"PreservedSpecimen",NA,"","2014-09-10T01:03:16.971Z",NA,NA,"Jaeger, 1833",NA,"",NA,NA,"c9d0204f2d6f3f2c29456852e9019d43640cb429","Holothuria",NA,NA
"1184","http://mczbase.mcz.harvard.edu/guid/MCZ:IZ:HOL-1013","Echinodermata",NA,NA,"President and Fellows of Harvard College",NA,"Animalia Echinodermata Holothuroidea Aspidochirotida Holothuriidae Holothuria (Halodeima) atra","HOL-1013",NA,NA,NA,NA,NA,NA,NA,NA,NA,"","",NA,NA,"",NA,NA,NA,NA,NA,NA,NA,"whole animal (70% ethanol)",NA,"",NA,NA,"1913-09-13",NA,NA,NA,"",NA,NA,NA,NA,NA,NA,NA,"","not applicable",NA,NA,NA,NA,NA,NA,NA,NA,NA,NA,NA,"",NA,"IZ",NA,"2014-05-16 13:41:10.0","Aspidochirotida","","en","","",NA,NA,NA,"Australia, Queensland; Torres Strait, Friday Harbor","Pacific Ocean, Pacific, Western Central","September 13, 1913",NA,"",NA,"b4640710-8e03-11d8-b956-b8a03c50a862","Animalia",NA,NA,"","PhysicalObject",NA,0,NA,NA,NA,"",NA,"","",NA,NA,"Hubert Lyman Clark, Carnegie Expedition to the Torres Strait",NA,NA,"",NA,"Museum of Comparative Zoology, Harvard University",NA,"",NA,"Holothuriidae","",NA,"",NA,NA,NA,NA,NA,"",NA,"MCZ","ICZN",NA,NA,NA,NA,NA,NA,NA,NA,NA,NA,NA,"b9b6ae3d-698c-40e1-a993-5239eef38d4e","atra",NA,NA,NA,NA,NA,"http://mczbase.mcz.harvard.edu/guid/MCZ:IZ:HOL-1013","872733a2-67a3-4c54-aa76-862735a5f334",NA,1,NA,"",NA,NA,NA,NA,NA,"",NA,NA,NA,NA,"b9b6ae3d-698c-40e1-a993-5239eef38d4e","MCZ:IZ:HOL-1013",NA,NA,"",NA,NA,"",NA,"",NA,NA,NA,"",NA,NA,NA,NA,NA,NA,NA,"",NA,NA,NA,"Holothuroidea","Holothuria (Halodeima) atra","","",NA,"Pacific Ocean",NA,"Hubert Lyman Clark",NA,NA,NA,NA,"PreservedSpecimen",NA,"","2014-05-28T21:40:01.900Z",NA,NA,"Jaeger, 1833",NA,"",NA,NA,"531a585ab8d541a2a8a6f0e971c1e19b4d0d437c","Holothuria",NA,NA
"1185","http://mczbase.mcz.harvard.edu/guid/MCZ:IZ:HOL-562","Echinodermata",NA,NA,"President and Fellows of Harvard College",NA,"Animalia Echinodermata Holothuroidea Aspidochirotida Holothuriidae Holothuria (Halodeima) atra","HOL-562",NA,NA,NA,NA,NA,NA,NA,NA,NA,"","",NA,NA,"",NA,NA,NA,NA,NA,NA,NA,"whole animal (70% ethanol)",NA,"",NA,NA,"1896-05-12",NA,NA,NA,"",NA,NA,NA,NA,NA,NA,NA,"","not applicable",NA,NA,NA,NA,NA,NA,NA,NA,NA,NA,NA,"",NA,"IZ",NA,"2014-01-10 08:24:14.0","Aspidochirotida","","en","","",NA,NA,NA,"Australia, Cookstown, Great Barrier Reef","Pacific Ocean, Pacific, Western Central","12/5/1896",NA,"",NA,"b4640710-8e03-11d8-b956-b8a03c50a862","Animalia",NA,NA,"","PhysicalObject",NA,0,NA,NA,NA,"",NA,"","",NA,NA,"Alexander Agassiz",NA,NA,"",NA,"Museum of Comparative Zoology, Harvard University",NA,"",NA,"Holothuriidae","",NA,"",NA,NA,NA,NA,NA,"",NA,"MCZ","ICZN",NA,NA,NA,NA,NA,NA,NA,NA,NA,NA,NA,"b653de10-7e64-487c-86fe-1559dafa13ea","atra",NA,NA,NA,NA,NA,"http://mczbase.mcz.harvard.edu/guid/MCZ:IZ:HOL-562","872733a2-67a3-4c54-aa76-862735a5f334",NA,1,NA,"",NA,NA,NA,NA,NA,"",NA,NA,NA,NA,"b653de10-7e64-487c-86fe-1559dafa13ea","MCZ:IZ:HOL-562",NA,NA,"",NA,NA,"",NA,"",NA,NA,NA,"",NA,NA,NA,NA,NA,NA,NA,"",NA,NA,NA,"Holothuroidea","Holothuria (Halodeima) atra","","",NA,"Pacific Ocean",NA,"[no agent data]",NA,NA,NA,NA,"PreservedSpecimen",NA,"","2014-05-28T20:21:16.720Z",NA,NA,"Jaeger, 1833",NA,"",NA,NA,"fd71f8760af359b4d5bebf2d549ec28b764aaaf3","Holothuria",NA,NA
"1202","http://mczbase.mcz.harvard.edu/guid/MCZ:IZ:HOL-1796","Echinodermata",NA,NA,"President and Fellows of Harvard College",NA,"Animalia Echinodermata Holothuroidea Aspidochirotida Holothuriidae Holothuria (Halodeima) atra","HOL-1796",NA,NA,NA,NA,NA,NA,NA,NA,NA,"","",NA,NA,"",NA,NA,NA,NA,NA,NA,NA,"whole animal (70% ethanol)",NA,"",NA,NA,"1700-01-01/1937-01-01",NA,NA,NA,"",NA,NA,NA,NA,NA,NA,NA,"","not applicable",NA,NA,NA,NA,NA,NA,NA,NA,NA,NA,NA,"",NA,"IZ",NA,"2013-08-13 13:43:59.0","Aspidochirotida","","en","","",NA,NA,NA,"Indonesia: Bay of Batavia","Pacific Ocean, Pacific, Western Central","unknown",NA,"",NA,"b4640710-8e03-11d8-b956-b8a03c50a862","Animalia",NA,NA,"","PhysicalObject",NA,0,NA,NA,NA,"",NA,"","",NA,NA,"Carel Philip Sluiter",NA,NA,"",NA,"Museum of Comparative Zoology, Harvard University",NA,"",NA,"Holothuriidae","",NA,"",NA,NA,NA,NA,NA,"",NA,"MCZ","ICZN",NA,NA,NA,NA,NA,NA,NA,NA,NA,NA,NA,"733fe1ab-b486-4479-852b-f9e7418c3eb1","atra",NA,NA,NA,NA,NA,"http://mczbase.mcz.harvard.edu/guid/MCZ:IZ:HOL-1796","872733a2-67a3-4c54-aa76-862735a5f334",NA,1,NA,"",NA,NA,NA,NA,NA,"",NA,NA,NA,NA,"733fe1ab-b486-4479-852b-f9e7418c3eb1","MCZ:IZ:HOL-1796",NA,NA,"",NA,NA,"",NA,"",NA,NA,NA,"",NA,NA,NA,NA,NA,NA,NA,"",NA,NA,NA,"Holothuroidea","Holothuria (Halodeima) atra","","",NA,"Pacific Ocean",NA,"[no agent data]",NA,NA,NA,NA,"PreservedSpecimen",NA,"","2014-07-12T15:07:10.577Z",NA,NA,"Jaeger, 1833",NA,"",NA,NA,"409db8019575484499f93c1de455c54ab6dbfc0e","Holothuria",NA,NA
"1238","http://mczbase.mcz.harvard.edu/guid/MCZ:IZ:HOL-560","Echinodermata",NA,NA,"President and Fellows of Harvard College",10.9728,"Animalia Echinodermata Holothuroidea Aspidochirotida Holothuriidae Holothuria (Halodeima) atra","HOL-560",NA,7.3152,NA,NA,NA,NA,NA,NA,11.167626,"WGS84","",NA,NA,"",NA,NA,NA,NA,NA,NA,NA,"whole animal (70% ethanol)",NA,"",NA,NA,"1909-04-01",NA,NA,NA,"",NA,NA,NA,NA,NA,NA,NA,"","not applicable",NA,NA,NA,NA,NA,NA,NA,NA,NA,NA,NA,"",NA,"IZ",NA,"2014-06-13 13:59:54.0","Aspidochirotida","","en","","",NA,NA,NA,"Republic of the Philippines, Cebu, Bantayan Reef","Pacific Ocean, Pacific, Western Central","April 1909",NA,"",NA,"b4640710-8e03-11d8-b956-b8a03c50a862","Animalia",NA,NA,"decimal degrees","PhysicalObject",NA,0,NA,NA,NA,"",18118,"","GEOLocate",NA,NA,"Dr. Lawrence E. Griffin, Philippine Marine Biological Station",NA,NA,"",NA,"Museum of Comparative Zoology, Harvard University",NA,"123.722643d",NA,"Holothuriidae","GEOLocate",NA,"",NA,NA,NA,NA,NA,"",NA,"MCZ","ICZN",NA,NA,NA,NA,NA,NA,123.722643,NA,NA,NA,NA,"3b7aa7a2-f98d-47ae-b733-a1c153d21779","atra",NA,NA,NA,NA,NA,"http://mczbase.mcz.harvard.edu/guid/MCZ:IZ:HOL-560","872733a2-67a3-4c54-aa76-862735a5f334",NA,1,NA,"",NA,NA,NA,NA,NA,"11.167626d",NA,NA,NA,NA,"3b7aa7a2-f98d-47ae-b733-a1c153d21779","MCZ:IZ:HOL-560",NA,NA,"Jessica Anne Mullen",NA,NA,"",NA,"",NA,NA,NA,"",18118,NA,NA,NA,NA,NA,NA,"",NA,NA,NA,"Holothuroidea","Holothuria (Halodeima) atra","","",NA,"Pacific Ocean",NA,"[no agent data]",NA,NA,NA,NA,"PreservedSpecimen",NA,"unverified","2014-07-12T20:34:44.533Z",NA,NA,"Jaeger, 1833",NA,"",NA,NA,"fe95946f722129aae154aed127c57989c67b50f0","Holothuria",NA,NA
"1456","http://mczbase.mcz.harvard.edu/guid/MCZ:IZ:HOL-1359","Echinodermata",NA,NA,"President and Fellows of Harvard College",NA,"Animalia Echinodermata Holothuroidea Aspidochirotida Holothuriidae Holothuria (Halodeima) atra","HOL-1359",NA,NA,NA,NA,NA,NA,NA,NA,-15.010556,"WGS84","",NA,NA,"",NA,NA,NA,NA,NA,NA,NA,"whole animal (70% ethanol)",NA,"",NA,NA,"1918-10-01",NA,NA,NA,"",NA,NA,NA,NA,NA,NA,NA,"","not applicable",NA,NA,NA,NA,NA,NA,NA,NA,NA,NA,NA,"",NA,"IZ",NA,"2014-05-28 10:05:45.0","Aspidochirotida","","en","","",NA,NA,NA,"Mozambique, Lumbo","Indian Ocean, Indian Ocean, Western","October 1, 1918",NA,"",NA,"b4640710-8e03-11d8-b956-b8a03c50a862","Animalia",NA,NA,"decimal degrees","PhysicalObject",NA,0,NA,NA,NA,"",2966,"","GEOLocate",NA,NA,"Arthur Loveridge",NA,NA,"",NA,"Museum of Comparative Zoology, Harvard University",NA,"40.666389d",NA,"Holothuriidae","GEOLocate",NA,"",NA,NA,NA,NA,NA,"",NA,"MCZ","ICZN",NA,NA,NA,NA,NA,NA,40.666389,NA,NA,NA,NA,"ab1048df-4008-45b3-8f84-be5ce7d16aa8","atra",NA,NA,NA,NA,NA,"http://mczbase.mcz.harvard.edu/guid/MCZ:IZ:HOL-1359","872733a2-67a3-4c54-aa76-862735a5f334",NA,1,NA,"",NA,NA,NA,NA,NA,"-15.010556d",NA,NA,NA,NA,"ab1048df-4008-45b3-8f84-be5ce7d16aa8","MCZ:IZ:HOL-1359",NA,NA,"Jessica Anne Mullen",NA,NA,"",NA,"",NA,NA,NA,"",2966,NA,NA,NA,NA,NA,NA,"",NA,NA,NA,"Holothuroidea","Holothuria (Halodeima) atra","","",NA,"Indian Ocean",NA,"[no agent data]",NA,NA,NA,NA,"PreservedSpecimen",NA,"unverified","2014-06-18T05:51:22.651Z",NA,NA,"Jaeger, 1833",NA,"",NA,NA,"526b54321e42681eb0157a4d7212402a0a4dc164","Holothuria",NA,NA
"1484","http://mczbase.mcz.harvard.edu/guid/MCZ:IZ:HOL-554","Echinodermata",NA,NA,"President and Fellows of Harvard College",NA,"Animalia Echinodermata Holothuroidea Aspidochirotida Holothuriidae Holothuria (Halodeima) atra","HOL-554",NA,NA,NA,NA,NA,NA,NA,NA,NA,"","",NA,NA,"",NA,NA,NA,NA,NA,NA,NA,"whole animal (70% ethanol)",NA,"",NA,NA,"1877-01-01/1877-12-31",NA,NA,NA,"",NA,NA,NA,NA,NA,NA,NA,"","not applicable",NA,NA,NA,NA,NA,NA,NA,NA,NA,NA,NA,"",NA,"IZ",NA,"2012-12-19 13:02:27.0","Aspidochirotida","","en","","",NA,NA,NA,"Ponape, Caroline Islands, Micronesia","Pacific Ocean, Pacific, Western Central","1877",NA,"",NA,"b4640710-8e03-11d8-b956-b8a03c50a862","Animalia",NA,NA,"","PhysicalObject",NA,0,NA,NA,NA,"",NA,"","",NA,NA,"Benjamin G. Snow",NA,NA,"",NA,"Museum of Comparative Zoology, Harvard University",NA,"",NA,"Holothuriidae","",NA,"",NA,NA,NA,NA,NA,"",NA,"MCZ","ICZN",NA,NA,NA,NA,NA,NA,NA,NA,NA,NA,NA,"ee1e83f0-349d-448e-aea0-cf415e34e058","atra",NA,NA,NA,NA,NA,"http://mczbase.mcz.harvard.edu/guid/MCZ:IZ:HOL-554","872733a2-67a3-4c54-aa76-862735a5f334",NA,1,NA,"",NA,NA,NA,NA,NA,"",NA,NA,NA,NA,"ee1e83f0-349d-448e-aea0-cf415e34e058","MCZ:IZ:HOL-554",NA,NA,"",NA,NA,"",NA,"",NA,NA,NA,"",NA,NA,NA,NA,NA,NA,NA,"",NA,NA,NA,"Holothuroidea","Holothuria (Halodeima) atra","","",NA,"Pacific Ocean",NA,"[no agent data]",NA,NA,NA,NA,"PreservedSpecimen",NA,"","2014-07-13T01:16:04.297Z",NA,NA,"Jaeger, 1833",NA,"",NA,NA,"08f10d3d7a7d3e64a14e815544d4f61aef8777e5","Holothuria",NA,NA
"1488","http://mczbase.mcz.harvard.edu/guid/MCZ:IZ:HOL-1507","Echinodermata",NA,NA,"President and Fellows of Harvard College",NA,"Animalia Echinodermata Holothuroidea Aspidochirotida Holothuriidae Holothuria (Halodeima) atra","HOL-1507",NA,NA,NA,NA,NA,NA,NA,NA,-31.516,"WGS84","",NA,NA,"",NA,NA,NA,NA,NA,NA,NA,"whole animal (70% ethanol)",NA,"",NA,NA,"1932-04-01/1932-04-30",NA,NA,NA,"",NA,NA,NA,NA,NA,NA,NA,"","not applicable",NA,NA,NA,NA,NA,NA,NA,NA,NA,NA,NA,"",NA,"IZ",NA,"2014-06-18 09:02:19.0","Aspidochirotida","","en","","",NA,NA,NA,"Australia, off New South Wales, Lord Howe Island; Ned&#39;s Beach","Pacific Ocean, Pacific, Southwest","April 1932",NA,"",NA,"b4640710-8e03-11d8-b956-b8a03c50a862","Animalia",NA,NA,"decimal degrees","PhysicalObject",NA,0,NA,NA,NA,"",1074,"","GEOLocate",NA,NA,"Harvard Australian Expedition 1931-1932",NA,NA,"",NA,"Museum of Comparative Zoology, Harvard University",NA,"159.083d",NA,"Holothuriidae","GEOLocate",NA,"",NA,NA,NA,NA,NA,"",NA,"MCZ","ICZN",NA,NA,NA,NA,NA,NA,159.083,NA,NA,NA,NA,"c580a6fe-3141-405c-8346-9d86150316c2","atra",NA,NA,NA,NA,NA,"http://mczbase.mcz.harvard.edu/guid/MCZ:IZ:HOL-1507","872733a2-67a3-4c54-aa76-862735a5f334",NA,1,NA,"",NA,NA,NA,NA,NA,"-31.516d",NA,NA,NA,NA,"c580a6fe-3141-405c-8346-9d86150316c2","MCZ:IZ:HOL-1507",NA,NA,"Penny Benson",NA,NA,"",NA,"",NA,NA,NA,"",1074,NA,NA,NA,NA,NA,NA,"",NA,NA,NA,"Holothuroidea","Holothuria (Halodeima) atra","","",NA,"Pacific Ocean",NA,"[no agent data]",NA,NA,NA,NA,"PreservedSpecimen",NA,"unverified","2014-07-13T03:39:59.512Z",NA,NA,"Jaeger, 1833",NA,"",NA,NA,"b21df791d703e5a9478e94484a4e79623bda5f3d","Holothuria",NA,NA
"1495","http://mczbase.mcz.harvard.edu/guid/MCZ:IZ:HOL-1014","Echinodermata",NA,NA,"President and Fellows of Harvard College",NA,"Animalia Echinodermata Holothuroidea Aspidochirotida Holothuriidae Holothuria (Halodeima) atra","HOL-1014",NA,NA,NA,NA,NA,NA,NA,NA,-9.91518,"WGS84","",NA,NA,"",NA,NA,NA,NA,NA,NA,NA,"whole animal (70% ethanol)",NA,"",NA,NA,"1913-10-01/1913-10-31",NA,NA,NA,"",NA,NA,NA,NA,NA,NA,NA,"","not applicable",NA,NA,NA,NA,NA,NA,NA,NA,NA,NA,NA,"",NA,"IZ",NA,"2014-06-09 14:24:30.0","Aspidochirotida","","en","","",NA,NA,NA,"Australia, Queensland, Torres Strait, Murray Islands (Mer)","Pacific Ocean, Pacific, Western Central","October 1913",NA,"",NA,"b4640710-8e03-11d8-b956-b8a03c50a862","Animalia",NA,NA,"decimal degrees","PhysicalObject",NA,0,NA,NA,NA,"",2768,"","GEOLocate",NA,NA,"Hubert Lyman Clark, Carnegie Expedition to the Torres Strait",NA,NA,"",NA,"Museum of Comparative Zoology, Harvard University",NA,"144.05164d",NA,"Holothuriidae","GEOLocate",NA,"",NA,NA,NA,NA,NA,"",NA,"MCZ","ICZN",NA,NA,NA,NA,NA,NA,144.05164,NA,NA,NA,NA,"547d4055-f9b1-48f6-a6df-546c4cacd7c2","atra",NA,NA,NA,NA,NA,"http://mczbase.mcz.harvard.edu/guid/MCZ:IZ:HOL-1014","872733a2-67a3-4c54-aa76-862735a5f334",NA,1,NA,"",NA,NA,NA,NA,NA,"-9.91518d",NA,NA,NA,NA,"547d4055-f9b1-48f6-a6df-546c4cacd7c2","MCZ:IZ:HOL-1014",NA,NA,"Jessica Anne Mullen",NA,NA,"",NA,"",NA,NA,NA,"",2768,NA,NA,NA,NA,NA,NA,"",NA,NA,NA,"Holothuroidea","Holothuria (Halodeima) atra","","",NA,"Pacific Ocean",NA,"[no agent data]",NA,NA,NA,NA,"PreservedSpecimen",NA,"unverified","2014-07-12T19:15:05.195Z",NA,NA,"Jaeger, 1833",NA,"",NA,NA,"434ab62eecc6ef2b24123359abf83c616a57fe6d","Holothuria",NA,NA
"1772","http://mczbase.mcz.harvard.edu/guid/MCZ:IZ:HOL-3039","Echinodermata",NA,NA,"President and Fellows of Harvard College",NA,"Animalia Echinodermata Holothuroidea Aspidochirotida Holothuriidae Holothuria (Halodeima) atra","HOL-3039",NA,NA,NA,NA,NA,NA,NA,NA,NA,"","613",NA,NA,"",NA,NA,NA,NA,NA,NA,NA,"whole animal (70% ethanol)",NA,"collector number=613",NA,NA,"1960-10-21",NA,NA,NA,"",NA,NA,NA,NA,NA,NA,NA,"","not applicable",NA,NA,NA,NA,NA,NA,NA,NA,NA,NA,NA,"",NA,"IZ",NA,"2013-01-04 15:23:19.0","Aspidochirotida","","en","Body 4-7 inches long, black","",NA,NA,NA,"off Madagascar: west side of Nossy Fally, near Nossi Be","Indian Ocean, Indian Ocean, Western","October 21, 1960",NA,"",NA,"b4640710-8e03-11d8-b956-b8a03c50a862","Animalia",NA,NA,"","PhysicalObject",NA,0,NA,NA,NA,"",NA,"","",NA,NA,"Arthur G. Humes",NA,NA,"",NA,"Museum of Comparative Zoology, Harvard University",NA,"",NA,"Holothuriidae","",NA,"",NA,NA,NA,NA,NA,"",NA,"MCZ","ICZN",NA,NA,NA,NA,NA,NA,NA,NA,NA,NA,NA,"6978dc15-f393-4528-a4dd-4f8828c70582","atra",NA,NA,NA,NA,NA,"http://mczbase.mcz.harvard.edu/guid/MCZ:IZ:HOL-3039","872733a2-67a3-4c54-aa76-862735a5f334",NA,1,NA,"",NA,NA,NA,NA,NA,"",NA,NA,NA,NA,"6978dc15-f393-4528-a4dd-4f8828c70582","MCZ:IZ:HOL-3039",NA,NA,"",NA,NA,"",NA,"",NA,NA,NA,"",NA,NA,NA,NA,NA,NA,NA,"",NA,NA,NA,"Holothuroidea","Holothuria (Halodeima) atra","","",NA,"Indian Ocean",NA,"Elisabeth Deichmann, [no agent data]",NA,NA,NA,NA,"PreservedSpecimen",NA,"","2014-01-10T18:51:59.176Z",NA,NA,"Jaeger, 1833",NA,"",NA,NA,"35268111b2584839c47d1118b47387bf9410271e","Holothuria",NA,NA
"1793","http://mczbase.mcz.harvard.edu/guid/MCZ:IZ:HOL-557","Echinodermata",NA,NA,"President and Fellows of Harvard College",NA,"Animalia Echinodermata Holothuroidea Aspidochirotida Holothuriidae Holothuria (Halodeima) atra","HOL-557",NA,NA,NA,NA,NA,NA,NA,NA,NA,"","",NA,NA,"",NA,NA,NA,NA,NA,NA,NA,"whole animal (70% ethanol)",NA,"",NA,NA,"",NA,NA,NA,"",NA,NA,NA,NA,NA,NA,NA,"","not applicable",NA,NA,NA,NA,NA,NA,NA,NA,NA,NA,NA,"",NA,"IZ",NA,"2012-12-19 13:02:28.0","Aspidochirotida","","en","","",NA,NA,NA,"off French Polynesia, Society Islands","Pacific Ocean, Pacific, Eastern Central","[date unknown]",NA,"",NA,"b4640710-8e03-11d8-b956-b8a03c50a862","Animalia",NA,NA,"","PhysicalObject",NA,0,NA,NA,NA,"",NA,"","",NA,NA,"Andrew Garrett",NA,NA,"",NA,"Museum of Comparative Zoology, Harvard University",NA,"",NA,"Holothuriidae","",NA,"",NA,NA,NA,NA,NA,"",NA,"MCZ","ICZN",NA,NA,NA,NA,NA,NA,NA,NA,NA,NA,NA,"593ab28b-e525-49ca-be9b-0c8c693deae6","atra",NA,NA,NA,NA,NA,"http://mczbase.mcz.harvard.edu/guid/MCZ:IZ:HOL-557","872733a2-67a3-4c54-aa76-862735a5f334",NA,1,NA,"",NA,NA,NA,NA,NA,"",NA,NA,NA,NA,"593ab28b-e525-49ca-be9b-0c8c693deae6","MCZ:IZ:HOL-557",NA,NA,"",NA,NA,"",NA,"",NA,NA,NA,"",NA,NA,NA,NA,NA,NA,NA,"",NA,NA,NA,"Holothuroidea","Holothuria (Halodeima) atra","","",NA,"Pacific Ocean",NA,"[no agent data]",NA,NA,NA,NA,"PreservedSpecimen",NA,"","2014-07-12T22:34:51.044Z",NA,NA,"Jaeger, 1833",NA,"",NA,NA,"d9bce64e24c6f71533c96a21b4cc86e28105905e","Holothuria",NA,NA
"1805","http://mczbase.mcz.harvard.edu/guid/MCZ:IZ:HOL-4051","Echinodermata",NA,NA,"President and Fellows of Harvard College",NA,"Animalia Echinodermata Holothuroidea Aspidochirotida Holothuriidae Holothuria (Halodeima) atra","HOL-4051",NA,NA,NA,NA,NA,NA,NA,NA,NA,"","",NA,NA,"",NA,NA,NA,NA,NA,NA,NA,"whole animal (70% ethanol)",NA,"",NA,NA,"1952-07-01/1952-07-31",NA,NA,NA,"",NA,NA,NA,NA,NA,NA,NA,"","not applicable",NA,NA,NA,NA,NA,NA,NA,NA,NA,NA,NA,"",NA,"IZ",NA,"2013-01-04 15:02:32.0","Aspidochirotida","","en","","",NA,NA,NA,"Cocos Islands","Pacific Ocean, Pacific, Eastern Central","July 1952",NA,"",NA,"b4640710-8e03-11d8-b956-b8a03c50a862","Animalia",NA,NA,"","PhysicalObject",NA,0,NA,NA,NA,"",NA,"","",NA,NA,"Keith Orris Emery",NA,NA,"",NA,"Museum of Comparative Zoology, Harvard University",NA,"",NA,"Holothuriidae","",NA,"",NA,NA,NA,NA,NA,"",NA,"MCZ","ICZN",NA,NA,NA,NA,NA,NA,NA,NA,NA,NA,NA,"42b0d49a-e500-4ff6-a0bc-471b90582a1c","atra",NA,NA,NA,NA,NA,"http://mczbase.mcz.harvard.edu/guid/MCZ:IZ:HOL-4051","872733a2-67a3-4c54-aa76-862735a5f334",NA,1,NA,"",NA,NA,NA,NA,NA,"",NA,NA,NA,NA,"42b0d49a-e500-4ff6-a0bc-471b90582a1c","MCZ:IZ:HOL-4051",NA,NA,"",NA,NA,"",NA,"",NA,NA,NA,"",NA,NA,NA,NA,NA,NA,NA,"",NA,NA,NA,"Holothuroidea","Holothuria (Halodeima) atra","","",NA,"Pacific Ocean",NA,"[no agent data]",NA,NA,NA,NA,"PreservedSpecimen",NA,"","2014-07-13T04:13:39.483Z",NA,NA,"Jaeger, 1833",NA,"",NA,NA,"7eee0eee81faf42560edfcf12b04ae754b0406ab","Holothuria",NA,NA
"1837","http://mczbase.mcz.harvard.edu/guid/MCZ:IZ:HOL-1259","Echinodermata",NA,NA,"President and Fellows of Harvard College",NA,"Animalia Echinodermata Holothuroidea Aspidochirotida Holothuriidae Holothuria (Halodeima) atra","HOL-1259",NA,NA,NA,NA,NA,NA,NA,NA,-18.152256,"WGS84","",NA,NA,"",NA,NA,NA,NA,NA,NA,NA,"whole animal (70% ethanol)",NA,"",NA,NA,"1917-01-01/1917-12-31",NA,NA,NA,"",NA,NA,NA,NA,NA,NA,NA,"","not applicable",NA,NA,NA,NA,NA,NA,NA,NA,NA,NA,NA,"",NA,"IZ",NA,"2014-06-04 11:10:08.0","Aspidochirotida","","en","","",NA,NA,NA,"Republic of Fiji, Suva, Viti Levu","Pacific Ocean, Pacific, Western Central","1917",NA,"",NA,"b4640710-8e03-11d8-b956-b8a03c50a862","Animalia",NA,NA,"decimal degrees","PhysicalObject",NA,0,NA,NA,NA,"",5578,"","GEOLocate",NA,NA,"John W. Mills",NA,NA,"",NA,"Museum of Comparative Zoology, Harvard University",NA,"178.462672d",NA,"Holothuriidae","GEOLocate",NA,"",NA,NA,NA,NA,NA,"",NA,"MCZ","ICZN",NA,NA,NA,NA,NA,NA,178.462672,NA,NA,NA,NA,"d398c9f2-56ab-463b-bce1-fefd1be3e8b8","atra",NA,NA,NA,NA,NA,"http://mczbase.mcz.harvard.edu/guid/MCZ:IZ:HOL-1259","872733a2-67a3-4c54-aa76-862735a5f334",NA,1,NA,"",NA,NA,NA,NA,NA,"-18.152256d",NA,NA,NA,NA,"d398c9f2-56ab-463b-bce1-fefd1be3e8b8","MCZ:IZ:HOL-1259",NA,NA,"Jessica Anne Mullen",NA,NA,"",NA,"",NA,NA,NA,"",5578,NA,NA,NA,NA,NA,NA,"",NA,NA,NA,"Holothuroidea","Holothuria (Halodeima) atra","","",NA,"Pacific Ocean",NA,"[no agent data]",NA,NA,NA,NA,"PreservedSpecimen",NA,"unverified","2014-07-12T20:16:16.173Z",NA,NA,"Jaeger, 1833",NA,"",NA,NA,"047aa71367e38abf33fba5480ae2895c8c41d689","Holothuria",NA,NA
"2044","http://mczbase.mcz.harvard.edu/guid/MCZ:IZ:HOL-556","Echinodermata",NA,NA,"President and Fellows of Harvard College",NA,"Animalia Echinodermata Holothuroidea Aspidochirotida Holothuriidae Holothuria (Halodeima) atra","HOL-556",NA,NA,NA,NA,NA,NA,NA,NA,NA,"","",NA,NA,"",NA,NA,NA,NA,NA,NA,NA,"whole animal (70% ethanol)",NA,"",NA,NA,"1897-11-29",NA,NA,NA,"",NA,NA,NA,NA,NA,NA,NA,"","not applicable",NA,NA,NA,NA,NA,NA,NA,NA,NA,NA,NA,"",NA,"IZ",NA,"2012-12-19 13:02:27.0","Aspidochirotida","","en","","",NA,NA,NA,"off Fiji Islands, Moala Island","Pacific Ocean, Pacific, Western Central","29/11/1897",NA,"",NA,"b4640710-8e03-11d8-b956-b8a03c50a862","Animalia",NA,NA,"","PhysicalObject",NA,0,NA,NA,NA,"",NA,"","",NA,NA,"Alexander Agassiz",NA,NA,"",NA,"Museum of Comparative Zoology, Harvard University",NA,"",NA,"Holothuriidae","",NA,"",NA,NA,NA,NA,NA,"",NA,"MCZ","ICZN",NA,NA,NA,NA,NA,NA,NA,NA,NA,NA,NA,"21d65f5e-3b55-4ae1-8aa0-a79819c569de","atra",NA,NA,NA,NA,NA,"http://mczbase.mcz.harvard.edu/guid/MCZ:IZ:HOL-556","872733a2-67a3-4c54-aa76-862735a5f334",NA,1,NA,"",NA,NA,NA,NA,NA,"",NA,NA,NA,NA,"21d65f5e-3b55-4ae1-8aa0-a79819c569de","MCZ:IZ:HOL-556",NA,NA,"",NA,NA,"",NA,"",NA,NA,NA,"",NA,NA,NA,NA,NA,NA,NA,"",NA,NA,NA,"Holothuroidea","Holothuria (Halodeima) atra","","",NA,"Pacific Ocean",NA,"[no agent data]",NA,NA,NA,NA,"PreservedSpecimen",NA,"","2014-01-11T08:57:34.721Z",NA,NA,"Jaeger, 1833",NA,"",NA,NA,"5b04a472ac1df3ba35ff724e694f117c3db43528","Holothuria",NA,NA
"2056","http://mczbase.mcz.harvard.edu/guid/MCZ:IZ:HOL-879","Echinodermata",NA,NA,"President and Fellows of Harvard College",NA,"Animalia Echinodermata Holothuroidea Aspidochirotida Holothuriidae Holothuria (Halodeima) atra","HOL-879",NA,NA,NA,NA,NA,NA,NA,NA,NA,"","",NA,NA,"",NA,NA,NA,NA,NA,NA,NA,"whole animal (70% ethanol)",NA,"",NA,NA,"1861-12-02",NA,NA,NA,"",NA,NA,NA,NA,NA,NA,NA,"","not applicable",NA,NA,NA,NA,NA,NA,NA,NA,NA,NA,NA,"",NA,"IZ",NA,"2013-01-02 12:02:27.0","Aspidochirotida","","en","","",NA,NA,NA,"Zanzibar","Indian Ocean, Indian Ocean, Western","Dec 2 1861",NA,"",NA,"b4640710-8e03-11d8-b956-b8a03c50a862","Animalia",NA,NA,"","PhysicalObject",NA,0,NA,NA,NA,"",NA,"","",NA,NA,"Capt J B Ashby",NA,NA,"",NA,"Museum of Comparative Zoology, Harvard University",NA,"",NA,"Holothuriidae","",NA,"",NA,NA,NA,NA,NA,"",NA,"MCZ","ICZN",NA,NA,NA,NA,NA,NA,NA,NA,NA,NA,NA,"cb0ea1d2-34f2-4689-a977-f98c69837de1","atra",NA,NA,NA,NA,NA,"http://mczbase.mcz.harvard.edu/guid/MCZ:IZ:HOL-879","872733a2-67a3-4c54-aa76-862735a5f334",NA,1,NA,"",NA,NA,NA,NA,NA,"",NA,NA,NA,NA,"cb0ea1d2-34f2-4689-a977-f98c69837de1","MCZ:IZ:HOL-879",NA,NA,"",NA,NA,"",NA,"",NA,NA,NA,"",NA,NA,NA,NA,NA,NA,NA,"",NA,NA,NA,"Holothuroidea","Holothuria (Halodeima) atra","","",NA,"Indian Ocean",NA,"[no agent data]",NA,NA,NA,NA,"PreservedSpecimen",NA,"","2014-01-11T11:27:15.417Z",NA,NA,"Jaeger, 1833",NA,"",NA,NA,"051bd95b834047abe2fb11bbc3775cdc3d5a1773","Holothuria",NA,NA
"2063","http://mczbase.mcz.harvard.edu/guid/MCZ:IZ:HOL-545","Echinodermata",NA,NA,"President and Fellows of Harvard College",NA,"Animalia Echinodermata Holothuroidea Aspidochirotida Holothuriidae Holothuria (Halodeima) atra","HOL-545",NA,NA,NA,NA,NA,NA,NA,NA,NA,"","",NA,NA,"",NA,NA,NA,NA,NA,NA,NA,"whole animal (70% ethanol); whole animal (70% ethanol)",NA,"other number=616, 1047, 1049, 1103",NA,NA,"1859-01-01/1860-12-31",NA,NA,NA,"",NA,NA,NA,NA,NA,NA,NA,"","not applicable",NA,NA,NA,NA,NA,NA,NA,NA,NA,NA,NA,"",NA,"IZ",NA,"2014-04-17 11:40:02.0","Aspidochirotida","","en","original labels are in jar 1","",NA,NA,NA,"United States, Hawaiian Islands","Pacific Ocean, Pacific, Eastern Central","1859 or 1860",NA,"",NA,"b4640710-8e03-11d8-b956-b8a03c50a862","Animalia",NA,NA,"","PhysicalObject",NA,0,NA,NA,NA,"",NA,"","",NA,NA,"Andrew Garrett, Flying Fish",NA,NA,"",NA,"Museum of Comparative Zoology, Harvard University",NA,"",NA,"Holothuriidae","",NA,"",NA,NA,NA,NA,NA,"",NA,"MCZ","ICZN",NA,NA,NA,NA,NA,NA,NA,NA,NA,NA,NA,"8a4759c0-4a0d-4aef-ab75-32ed771a4e83","atra",NA,NA,NA,NA,NA,"http://mczbase.mcz.harvard.edu/guid/MCZ:IZ:HOL-545","872733a2-67a3-4c54-aa76-862735a5f334",NA,1,NA,"",NA,NA,NA,NA,NA,"",NA,NA,NA,NA,"8a4759c0-4a0d-4aef-ab75-32ed771a4e83","MCZ:IZ:HOL-545",NA,NA,"",NA,NA,"",NA,"",NA,NA,NA,"",NA,NA,NA,NA,NA,NA,NA,"",NA,NA,NA,"Holothuroidea","Holothuria (Halodeima) atra","","",NA,"Pacific Ocean",NA,"[no agent data]",NA,NA,NA,NA,"PreservedSpecimen",NA,"","2014-07-13T01:24:31.616Z",NA,NA,"Jaeger, 1833",NA,"",NA,NA,"21554d44e1e1c57f531837d997b80451fe23012b","Holothuria",NA,NA
"2354","http://mczbase.mcz.harvard.edu/guid/MCZ:IZ:HOL-1325","Echinodermata",NA,NA,"President and Fellows of Harvard College",NA,"Animalia Echinodermata Holothuroidea Aspidochirotida Holothuriidae Holothuria (Halodeima) atra","HOL-1325",NA,NA,NA,NA,NA,NA,NA,NA,NA,"","",NA,NA,"",NA,NA,NA,NA,NA,NA,NA,"whole animal (70% ethanol)",NA,"",NA,NA,"1905-02-03",NA,NA,NA,"",NA,NA,NA,NA,NA,NA,NA,"","not applicable",NA,NA,NA,NA,NA,NA,NA,NA,NA,NA,NA,"",NA,"IZ",NA,"2013-01-03 09:02:26.0","Aspidochirotida","","en","","",NA,NA,NA,"Tuamotu Islands, Paumotus, Manga Reva","Pacific Ocean, Pacific, Eastern Central","February 3, 1905",NA,"",NA,"b4640710-8e03-11d8-b956-b8a03c50a862","Animalia",NA,NA,"","PhysicalObject",NA,0,NA,NA,NA,"",NA,"","",NA,NA,"USFC Steamer Albatross",NA,NA,"",NA,"Museum of Comparative Zoology, Harvard University",NA,"",NA,"Holothuriidae","",NA,"",NA,NA,NA,NA,NA,"",NA,"MCZ","ICZN",NA,NA,NA,NA,NA,NA,NA,NA,NA,NA,NA,"17240b19-aff6-4ede-bcdd-a22f55f26201","atra",NA,NA,NA,NA,NA,"http://mczbase.mcz.harvard.edu/guid/MCZ:IZ:HOL-1325","872733a2-67a3-4c54-aa76-862735a5f334",NA,1,NA,"",NA,NA,NA,NA,NA,"",NA,NA,NA,NA,"17240b19-aff6-4ede-bcdd-a22f55f26201","MCZ:IZ:HOL-1325",NA,NA,"",NA,NA,"",NA,"",NA,NA,NA,"",NA,NA,NA,NA,NA,NA,NA,"",NA,NA,NA,"Holothuroidea","Holothuria (Halodeima) atra","","",NA,"Pacific Ocean",NA,"[no agent data]",NA,NA,NA,NA,"PreservedSpecimen",NA,"","2014-01-12T01:04:21.494Z",NA,NA,"Jaeger, 1833",NA,"",NA,NA,"773aabc3fa79be55ed4a89906c9561c85dafacbd","Holothuria",NA,NA
"2385","http://mczbase.mcz.harvard.edu/guid/MCZ:IZ:HOL-1346","Echinodermata",NA,NA,"President and Fellows of Harvard College",NA,"Animalia Echinodermata Holothuroidea Aspidochirotida Holothuriidae Holothuria (Halodeima) atra","HOL-1346",NA,NA,NA,NA,NA,NA,NA,NA,NA,"","",NA,NA,"",NA,NA,NA,NA,NA,NA,NA,"whole animal (70% ethanol)",NA,"",NA,NA,"1800-01-01/2000-01-01",NA,NA,NA,"",NA,NA,NA,NA,NA,NA,NA,"","not applicable",NA,NA,NA,NA,NA,NA,NA,NA,NA,NA,NA,"",NA,"IZ",NA,"2013-01-04 14:52:30.0","Aspidochirotida","","en","","",NA,NA,NA,"Palmyra Island","Pacific Ocean, Pacific, Eastern Central","unknown",NA,"",NA,"b4640710-8e03-11d8-b956-b8a03c50a862","Animalia",NA,NA,"","PhysicalObject",NA,0,NA,NA,NA,"",NA,"","",NA,NA,"[no agent data]",NA,NA,"",NA,"Museum of Comparative Zoology, Harvard University",NA,"",NA,"Holothuriidae","",NA,"",NA,NA,NA,NA,NA,"",NA,"MCZ","ICZN",NA,NA,NA,NA,NA,NA,NA,NA,NA,NA,NA,"33a435bc-5476-4785-9a5d-abf1fc324139","atra",NA,NA,NA,NA,NA,"http://mczbase.mcz.harvard.edu/guid/MCZ:IZ:HOL-1346","872733a2-67a3-4c54-aa76-862735a5f334",NA,1,NA,"",NA,NA,NA,NA,NA,"",NA,NA,NA,NA,"33a435bc-5476-4785-9a5d-abf1fc324139","MCZ:IZ:HOL-1346",NA,NA,"",NA,NA,"",NA,"",NA,NA,NA,"",NA,NA,NA,NA,NA,NA,NA,"",NA,NA,NA,"Holothuroidea","Holothuria (Halodeima) atra","","",NA,"Pacific Ocean",NA,"[no agent data]",NA,NA,NA,NA,"PreservedSpecimen",NA,"","2014-07-13T01:53:12.734Z",NA,NA,"Jaeger, 1833",NA,"",NA,NA,"dda4987a01b633f98f96e084552644671c16eb80","Holothuria",NA,NA
"2388","http://mczbase.mcz.harvard.edu/guid/MCZ:IZ:HOL-548","Echinodermata",NA,NA,"President and Fellows of Harvard College",NA,"Animalia Echinodermata Holothuroidea Aspidochirotida Holothuriidae Holothuria (Halodeima) atra","HOL-548",NA,NA,NA,NA,NA,NA,NA,NA,NA,"","",NA,NA,"",NA,NA,NA,NA,NA,NA,NA,"whole animal (70% ethanol)",NA,"other number=640",NA,NA,"1860-01-01/1865-12-31",NA,NA,NA,"",NA,NA,NA,NA,NA,NA,NA,"","not applicable",NA,NA,NA,NA,NA,NA,NA,NA,NA,NA,NA,"",NA,"IZ",NA,"2014-07-02 08:28:00.0","Aspidochirotida","","en","","",NA,NA,NA,"off Africa, Zanzibar area","Indian Ocean, Indian Ocean, Western","unknown",NA,"",NA,"b4640710-8e03-11d8-b956-b8a03c50a862","Animalia",NA,NA,"","PhysicalObject",NA,0,NA,NA,NA,"",NA,"","",NA,NA,"Caleb Cooke",NA,NA,"",NA,"Museum of Comparative Zoology, Harvard University",NA,"",NA,"Holothuriidae","",NA,"",NA,NA,NA,NA,NA,"",NA,"MCZ","ICZN",NA,NA,NA,NA,NA,NA,NA,NA,NA,NA,NA,"bf93d73a-e14a-4ed5-b518-4615e30a35dc","atra",NA,NA,NA,NA,NA,"http://mczbase.mcz.harvard.edu/guid/MCZ:IZ:HOL-548","872733a2-67a3-4c54-aa76-862735a5f334",NA,1,NA,"",NA,NA,NA,NA,NA,"",NA,NA,NA,NA,"bf93d73a-e14a-4ed5-b518-4615e30a35dc","MCZ:IZ:HOL-548",NA,NA,"",NA,NA,"",NA,"",NA,NA,NA,"",NA,NA,NA,NA,NA,NA,NA,"",NA,NA,NA,"Holothuroidea","Holothuria (Halodeima) atra","","",NA,"Indian Ocean",NA,"[no agent data]",NA,NA,NA,NA,"PreservedSpecimen",NA,"","2014-07-12T13:30:03.894Z",NA,NA,"Jaeger, 1833",NA,"",NA,NA,"d3010bd96b46b029e589156de13aee35932369eb","Holothuria",NA,NA
"2410","http://mczbase.mcz.harvard.edu/guid/MCZ:IZ:HOL-1099","Echinodermata",NA,NA,"President and Fellows of Harvard College",NA,"Animalia Echinodermata Holothuroidea Aspidochirotida Holothuriidae Holothuria (Halodeima) atra","HOL-1099",NA,NA,NA,NA,NA,NA,NA,NA,13.506196,"WGS84","18; 9",NA,NA,"",NA,NA,NA,NA,NA,NA,NA,"whole animal (70% ethanol)",NA,"collector number=18; collector number=9",NA,NA,"1912-04-01/1912-04-30",NA,NA,NA,"",NA,NA,NA,NA,NA,NA,NA,"","not applicable",NA,NA,NA,NA,NA,NA,NA,NA,NA,NA,NA,"",NA,"IZ",NA,"2014-06-16 10:33:20.0","Aspidochirotida","","en","","",NA,NA,NA,"Republic of the Philippines, Mindoro Island, Port Galera","Pacific Ocean, Pacific, Western Central","April 1912",NA,"",NA,"b4640710-8e03-11d8-b956-b8a03c50a862","Animalia",NA,NA,"decimal degrees","PhysicalObject",NA,0,NA,NA,NA,"",401,"","GEOLocate",NA,NA,"Alvin Seale, Philippine Marine Biological Station",NA,NA,"",NA,"Museum of Comparative Zoology, Harvard University",NA,"120.953295d",NA,"Holothuriidae","GEOLocate",NA,"",NA,NA,NA,NA,NA,"",NA,"MCZ","ICZN",NA,NA,NA,NA,NA,NA,120.953295,NA,NA,NA,NA,"641966ad-eab9-4b6c-a2ef-9ce764215a97","atra",NA,NA,NA,NA,NA,"http://mczbase.mcz.harvard.edu/guid/MCZ:IZ:HOL-1099","872733a2-67a3-4c54-aa76-862735a5f334",NA,1,NA,"",NA,NA,NA,NA,NA,"13.506196d",NA,NA,NA,NA,"641966ad-eab9-4b6c-a2ef-9ce764215a97","MCZ:IZ:HOL-1099",NA,NA,"Jessica Anne Mullen",NA,NA,"",NA,"",NA,NA,NA,"",401,NA,NA,NA,NA,NA,NA,"",NA,NA,NA,"Holothuroidea","Holothuria (Halodeima) atra","","",NA,"Pacific Ocean",NA,"[no agent data]",NA,NA,NA,NA,"PreservedSpecimen",NA,"unverified","2014-07-12T19:33:32.018Z",NA,NA,"Jaeger, 1833",NA,"",NA,NA,"f8a53bac22ed4581360e37531eb463418c96ab6c","Holothuria",NA,NA
"2636","http://mczbase.mcz.harvard.edu/guid/MCZ:IZ:HOL-563","Echinodermata",NA,NA,"President and Fellows of Harvard College",NA,"Animalia Echinodermata Holothuroidea Aspidochirotida Holothuriidae Holothuria (Halodeima) atra","HOL-563",NA,NA,NA,NA,NA,NA,NA,NA,NA,"","",NA,NA,"",NA,NA,NA,NA,NA,NA,NA,"whole animal (70% ethanol)",NA,"",NA,NA,"1861-04-12",NA,NA,NA,"",NA,NA,NA,NA,NA,NA,NA,"","not applicable",NA,NA,NA,NA,NA,NA,NA,NA,NA,NA,NA,"",NA,"IZ",NA,"2013-01-02 12:02:27.0","Aspidochirotida","","en","","",NA,NA,NA,"Arabian Gulf","Indian Ocean, Indian Ocean, Western","12/4/1861",NA,"",NA,"b4640710-8e03-11d8-b956-b8a03c50a862","Animalia",NA,NA,"","PhysicalObject",NA,0,NA,NA,NA,"",NA,"","",NA,NA,"C. Millett",NA,NA,"",NA,"Museum of Comparative Zoology, Harvard University",NA,"",NA,"Holothuriidae","",NA,"",NA,NA,NA,NA,NA,"",NA,"MCZ","ICZN",NA,NA,NA,NA,NA,NA,NA,NA,NA,NA,NA,"a955e946-11ad-4cac-914f-1b86ff77adfa","atra",NA,NA,NA,NA,NA,"http://mczbase.mcz.harvard.edu/guid/MCZ:IZ:HOL-563","872733a2-67a3-4c54-aa76-862735a5f334",NA,1,NA,"",NA,NA,NA,NA,NA,"",NA,NA,NA,NA,"a955e946-11ad-4cac-914f-1b86ff77adfa","MCZ:IZ:HOL-563",NA,NA,"",NA,NA,"",NA,"",NA,NA,NA,"",NA,NA,NA,NA,NA,NA,NA,"",NA,NA,NA,"Holothuroidea","Holothuria (Halodeima) atra","","",NA,"Indian Ocean",NA,"[no agent data]",NA,NA,NA,NA,"PreservedSpecimen",NA,"","2014-01-11T08:59:49.322Z",NA,NA,"Jaeger, 1833",NA,"",NA,NA,"13474fa02e8b3ad387680da5363a981eaaccb762","Holothuria",NA,NA
"2704","http://mczbase.mcz.harvard.edu/guid/MCZ:IZ:HOL-1012","Echinodermata",NA,NA,"President and Fellows of Harvard College",NA,"Animalia Echinodermata Holothuroidea Aspidochirotida Holothuriidae Holothuria (Halodeima) atra","HOL-1012",NA,NA,NA,NA,NA,NA,NA,NA,-9.91518,"WGS84","",NA,NA,"",NA,NA,NA,NA,NA,NA,NA,"whole animal (70% ethanol)",NA,"",NA,NA,"1913-10-01/1913-10-31",NA,NA,NA,"",NA,NA,NA,NA,NA,NA,NA,"","not applicable",NA,NA,NA,NA,NA,NA,NA,NA,NA,NA,NA,"",NA,"IZ",NA,"2014-06-09 14:24:30.0","Aspidochirotida","","en","","",NA,NA,NA,"Australia, Queensland, Torres Strait, Murray Islands (Mer)","Pacific Ocean, Pacific, Western Central","October 1913",NA,"",NA,"b4640710-8e03-11d8-b956-b8a03c50a862","Animalia",NA,NA,"decimal degrees","PhysicalObject",NA,0,NA,NA,NA,"",2768,"","GEOLocate",NA,NA,"Hubert Lyman Clark, Carnegie Expedition to the Torres Strait",NA,NA,"",NA,"Museum of Comparative Zoology, Harvard University",NA,"144.05164d",NA,"Holothuriidae","GEOLocate",NA,"",NA,NA,NA,NA,NA,"",NA,"MCZ","ICZN",NA,NA,NA,NA,NA,NA,144.05164,NA,NA,NA,NA,"fa93f447-3988-4772-8dd8-a57d663596ef","atra",NA,NA,NA,NA,NA,"http://mczbase.mcz.harvard.edu/guid/MCZ:IZ:HOL-1012","872733a2-67a3-4c54-aa76-862735a5f334",NA,1,NA,"",NA,NA,NA,NA,NA,"-9.91518d",NA,NA,NA,NA,"fa93f447-3988-4772-8dd8-a57d663596ef","MCZ:IZ:HOL-1012",NA,NA,"Jessica Anne Mullen",NA,NA,"",NA,"",NA,NA,NA,"",2768,NA,NA,NA,NA,NA,NA,"",NA,NA,NA,"Holothuroidea","Holothuria (Halodeima) atra","","",NA,"Pacific Ocean",NA,"[no agent data]",NA,NA,NA,NA,"PreservedSpecimen",NA,"unverified","2014-07-12T15:14:23.711Z",NA,NA,"Jaeger, 1833",NA,"",NA,NA,"fbdba8d88397ff3331a1cd4d247377a5c0123c4a","Holothuria",NA,NA
