"","fcc.superfamily","dwc.associatedOccurrences","idigbio.subgenus","fcc.pickedBy","inhs.location_Stream","dwc.behavior","dwc.latestAgeOrHighestStage","dwc.maximumDepthInMeters","idigbio.associateRelationship","idigbio.associateCondition","dwc.eventTime","dwc.fieldNumber","dwc.kingdom","dwc.eventDate","idigbio.associateIdentifier","symbiotaverbatimScientificName","dwc.specificEpithet","id","dwc.identifiedBy","dwc.continent","idigbio.dateModified","dwc.VerbatimEventDate","dwc.country","dwc.day","dwc.county","idigbio.preservative","dwc.verbatimLongitude","dwc.rightsHolder","dwc.catalogNumber","inhs.juv_undetermined","idigbio.endangeredStatus","dwc.reproductiveCondition","idigbio.determinationHistory","dwc.bed","dcterms.references","dwc.individualCount","http...symbiota.org.terms.verbatimScientificName","inhs.juv_females","dwc.georeferenceSources","idigbio.associateDeterminedBy","dwc.associatedReferences","inhs.locationTrs","idigbio.preparationCount","dwc.decimalLatitude","dwc.establishmentMeans","dcterms.type","dwc.basisOfRecord","inhs.total_Males","inhs.live","dwc.formation","dwc.verbatimCoordinateSystem","dcterms.language","dcterms.rightsHolder","dwc.verbatimLocality","dwc.occurrenceID","dwc.identificationRemarks","dwc.latestEpochOrHighestSeries","dcterms.reference","inhs.vouchered","inhs.juv_males","dwc.typeStatus","dwc.dynamicProperties","dwc.phylum","dwc.vernacularName","inhs.superfamily","dwc.group","dwc.occurrenceRemarks","dwc.fieldNotes","dwc.lithostratigraphicTerms","dwc.dateIdentified","dwc.collectionID","dcterms.modified","dwc.island","dwc.maximumElevationInMeters","idigbio.recordID","dwc.locality","idigbio.tribe","dwc.nomenclaturalCode","idigbio.associateAuthor","dwc.recordNumber","inhs.instars_Female","dwc.geodeticDatum","dwc.namePublishedInID","dwc.eventRemarks","dwc.latestPeriodOrHighestSystem","dwc.locationRemarks","dwc.countryCode","idigbio.recordId","dwc.namePublishedIn","idigbio.associateNotes","inhs.formII_males","dwc.lowestBiostratigraphicZone","dwc.lifeStage","dwc.waterBody","dwc.decimalLongitude","dwc.verbatimElevation","inhs.relic","dwc.otherCatalogNumbers","dwc.minimumDepthInMeters","dwc.informationWithheld","dwc.disposition","inhs.dead","dwc.family","dwc.datasetID","dwc.sex","dwc.dataGeneralizations","dwc.verbatimDepth","dwc.taxonRank","dwc.earliestEraOrLowestErathem","idigbio.uuid","inhs.total_females","dwc.coordinateUncertaintyInMeters","dwc.year","dwc.verbatimSRS","dwc.georeferencedDate","dwc.individualID","dwc.samplingEffort","dwc.ownerInstitutionCode","dwc.datasetName","dwc.georeferenceProtocol","dwc.taxonRemarks","dwc.earliestPeriodOrLowestSystem","idigbio.version","symbiota.verbatimScientificName","dwc.earliestEpochOrLowestSeries","dwc.startDayOfYear","dwc.locationAccordingTo","dwc.higherGeography","dwc.scientificNameID","dwc.georeferenceRemarks","dwc.associatedTaxa","dcterms.accessRights","dwc.taxonID","row.number","dwc.subgenus","dwc.preparation","dwc.municipality","dwc.originalNameUsage","dwc.rights","dwc.latestEraOrHighestErathem","idigbio.recordIds","dwc.nameAccordingTo","dwc.verbatimEventDate","dwc.previousIdentifications","dwc.preparations","dwc.collectionCode","dwc.verbatimCoordinates","dwc.habitat","dwc.month","inhs.location_RiverMile","dwc.relatedResourceID","dwc.identificationReferences","dwc.recordedBy","dwc.accessRights","dwc.member","dcterms.rights","dwc.minimumElevationInMeters","idigbio.subfamily","dwc.georeferencedBy","dwc.scientificName","fcc.datePicked","inhs.formII_females","inhs.instars_Male","dwc.identificationQualifier","idigbio.barcodeValue","dwc.genus","idigbio.etag","dwc.institutionCode","idigbio.hostFamily","inhs.formI_males","dwc.infraspecificEpithet","dcterms.source","inhs.location_Basin","dwc.samplingProtocol","dwc.institutionID","idigbio.associateCommonName","dwc.eventID","dwc.coordinatePrecision","dwc.associatedSequences","dwc.occurrenceStatus","dwc.identificationVerificationStatus","idigbio.substrate","dwc.order","dwc.endDayOfYear","dwc.identificationID","dwc.scientificNameAuthorship","dwc.verbatimTaxonRank","dcterms.bibliographicCitation","dwc.locationID","dwc.verbatimLatitude","dwc.class","dwc.stateProvince","dwc.georeferenceVerificationStatus","dwc.islandGroup","idigbio.createdBy","dwc.nomenclaturalStatus","dwc.associatedMedia","dwc.earliestAgeOrLowestStage","idigbio.associatedRelationship","dwc.higherClassification","fcc.subfamily","dwc.footprintWKT","idigbio.associatedFamily"
"40",NA,"from same lot as          <a href=""http://arctos.database.museum/SpecimenDetail.cfm?collection_object_id=3242844""> MCZ IZ HOL-762</a>",NA,NA,NA,NA,NA,NA,NA,NA,NA,"","Animalia","1700-01-01/1867-12-31",NA,NA,"difficilis","3e0fd939-52a1-4678-8c06-d49b84aa30d8","World Register of Marine Species, Carl Semper","Pacific Ocean","2014-07-12T23:54:27.394Z",NA,"",NA,"",NA,"",NA,"HOL-1396",NA,NA,NA,NA,NA,"http://mczbase.mcz.harvard.edu/guid/MCZ:IZ:HOL-1396",1,NA,NA,"",NA,"",NA,NA,NA,NA,"PhysicalObject","PreservedSpecimen",NA,NA,NA,"","en","President and Fellows of Harvard College",NA,"MCZ:IZ:HOL-1396","per Francois Michonneau (Dec 7, 2010) ""This is not H. difficilis (most likely).  Presumably H. hilla - took tissue sample for ossicle confirmation""",NA,NA,NA,NA,"Syntype","","Echinodermata",NA,NA,NA,NA,NA,NA,"",NA,"2013-11-06 15:54:59.0",NA,NA,NA,"United States, Hawaii",NA,"ICZN",NA,"",NA,"",NA,"",NA,"",NA,NA,NA,NA,NA,NA,NA,"",NA,NA,NA,"other number=50",NA,NA,"not applicable",NA,"Holothuriidae",NA,"",NA,"",NA,NA,"3e0fd939-52a1-4678-8c06-d49b84aa30d8",NA,NA,NA,NA,NA,NA,NA,"Museum of Comparative Zoology, Harvard University",NA,"",NA,NA,NA,NA,NA,0,NA,"Pacific Ocean, Pacific, Eastern Central",NA,"",NA,NA,NA,NA,NA,NA,NA,NA,NA,NA,NA,NA,"Unknown",NA,"whole animal (70% ethanol)","IZ","","",NA,NA,NA,NA,"James M. Barnard",NA,NA,NA,NA,NA,"","Holothuria (Platyperona) difficilis",NA,NA,NA,NA,NA,"Holothuria","015d317840e8b9d81fc14f2506e295c79dc00422","MCZ",NA,NA,"",NA,NA,"","b4640710-8e03-11d8-b956-b8a03c50a862",NA,NA,NA,NA,NA,"",NA,"Aspidochirotida",NA,NA,"Semper, 1868",NA,NA,"","","Holothuroidea","",NA,NA,"872733a2-67a3-4c54-aa76-862735a5f334",NA,"http://mczbase.mcz.harvard.edu/guid/MCZ:IZ:HOL-1396",NA,NA,"Animalia Echinodermata Holothuroidea Aspidochirotida Holothuriidae Holothuria (Platyperona) difficilis",NA,NA,NA
"45",NA,"",NA,NA,NA,NA,NA,NA,NA,NA,NA,"","Animalia","1800-01-01/2100-01-01",NA,NA,"difficilis","7349b6a3-7523-4348-87c7-1636630aa4cd","[no agent data]","Pacific Ocean","2014-07-13T00:43:20.724Z",NA,"",NA,"",NA,"",NA,"HOL-1773",NA,NA,NA,NA,NA,"http://mczbase.mcz.harvard.edu/guid/MCZ:IZ:HOL-1773",1,NA,NA,"",NA,"",NA,NA,NA,NA,"PhysicalObject","PreservedSpecimen",NA,NA,NA,"","en","President and Fellows of Harvard College",NA,"MCZ:IZ:HOL-1773","native Samoan name ""Taetiale""",NA,NA,NA,NA,"","","Echinodermata",NA,NA,NA,NA,NA,NA,"",NA,"2013-03-25 11:02:27.0",NA,NA,NA,"Samoa",NA,"ICZN",NA,"",NA,"",NA,"",NA,"",NA,NA,NA,NA,NA,NA,NA,"",NA,NA,NA,"",NA,NA,"not applicable",NA,"Holothuriidae",NA,"",NA,"",NA,NA,"7349b6a3-7523-4348-87c7-1636630aa4cd",NA,NA,NA,NA,NA,NA,NA,"Museum of Comparative Zoology, Harvard University",NA,"",NA,NA,NA,NA,NA,0,NA,"Pacific Ocean, Pacific, Eastern Central",NA,"",NA,NA,NA,NA,NA,NA,NA,NA,NA,NA,NA,NA,"unknown",NA,"whole animal (70% ethanol)","IZ","","",NA,NA,NA,NA,"[no agent data]",NA,NA,NA,NA,NA,"","Holothuria (Platyperona) difficilis",NA,NA,NA,NA,NA,"Holothuria","cdc576181add4a39626b9b9ca2809fa3d0e0e012","MCZ",NA,NA,"",NA,NA,"","b4640710-8e03-11d8-b956-b8a03c50a862",NA,NA,NA,NA,NA,"",NA,"Aspidochirotida",NA,NA,"Semper, 1868",NA,NA,"","","Holothuroidea","",NA,NA,"872733a2-67a3-4c54-aa76-862735a5f334",NA,"http://mczbase.mcz.harvard.edu/guid/MCZ:IZ:HOL-1773",NA,NA,"Animalia Echinodermata Holothuroidea Aspidochirotida Holothuriidae Holothuria (Platyperona) difficilis",NA,NA,NA
"66",NA,"",NA,NA,NA,NA,NA,NA,NA,NA,NA,"","Animalia","1932-04-01/1932-04-30",NA,NA,"difficilis","271a4158-0a48-47a0-9e4b-98ad03286355","Hubert Lyman Clark","Pacific Ocean","2014-07-12T15:24:22.031Z",NA,"",NA,"",NA,"159.083d",NA,"HOL-1511",NA,NA,NA,NA,NA,"http://mczbase.mcz.harvard.edu/guid/MCZ:IZ:HOL-1511",1,NA,NA,"GEOLocate",NA,"",NA,NA,-31.516,NA,"PhysicalObject","PreservedSpecimen",NA,NA,NA,"decimal degrees","en","President and Fellows of Harvard College",NA,"MCZ:IZ:HOL-1511","",NA,NA,NA,NA,"","","Echinodermata",NA,NA,NA,NA,NA,NA,"",NA,"2014-06-18 15:10:33.0",NA,NA,NA,"Australia, off New South Wales, Lord Howe Island; Ned&#39;s Beach",NA,"ICZN",NA,"",NA,"WGS84",NA,"",NA,"",NA,NA,NA,NA,NA,NA,NA,"",159.083,NA,NA,"",NA,NA,"not applicable",NA,"Holothuriidae",NA,"",NA,"",NA,NA,"271a4158-0a48-47a0-9e4b-98ad03286355",NA,1074,NA,NA,NA,NA,NA,"Museum of Comparative Zoology, Harvard University",NA,"GEOLocate",NA,NA,NA,NA,NA,0,NA,"Pacific Ocean, Pacific, Southwest",NA,"",NA,NA,NA,NA,NA,NA,NA,NA,NA,NA,NA,NA,"April 1932",NA,"whole animal (70% ethanol)","IZ","","",NA,NA,NA,NA,"Harvard Australia Expedition 1931-1932",NA,NA,NA,NA,NA,"Penny Benson","Holothuria (Platyperona) difficilis",NA,NA,NA,NA,NA,"Holothuria","eb8b03802e8aa6bb989d30322ff2ba557ee63ef8","MCZ",NA,NA,"",NA,NA,"","b4640710-8e03-11d8-b956-b8a03c50a862",NA,NA,1074,NA,NA,"unverified",NA,"Aspidochirotida",NA,NA,"Semper, 1868",NA,NA,"","-31.516d","Holothuroidea","",NA,NA,"872733a2-67a3-4c54-aa76-862735a5f334",NA,"http://mczbase.mcz.harvard.edu/guid/MCZ:IZ:HOL-1511",NA,NA,"Animalia Echinodermata Holothuroidea Aspidochirotida Holothuriidae Holothuria (Platyperona) difficilis",NA,NA,NA
"105",NA,"",NA,NA,NA,NA,NA,NA,NA,NA,NA,"","Animalia","1934-12-12",NA,NA,"difficilis","1d35a70e-cbb0-42a3-838e-3265f643e7c1","[no agent data], Elisabeth Deichmann","Pacific Ocean","2014-09-10T02:21:21.241Z",NA,"",NA,"",NA,"",NA,"128113",NA,NA,NA,NA,NA,"http://mczbase.mcz.harvard.edu/guid/MCZ:IZ:128113",1,NA,NA,"",NA,"",NA,NA,NA,NA,"PhysicalObject","PreservedSpecimen",NA,NA,NA,"","en","President and Fellows of Harvard College",NA,"MCZ:IZ:128113","",NA,NA,NA,NA,"","","Echinodermata",NA,NA,NA,NA,NA,NA,"",NA,"2014-07-02 13:14:56.0",NA,NA,NA,"Ecuador: Galapagos Islands, James Island; Sulivan Bay",NA,"ICZN",NA,"465-22",NA,"",NA,"",NA,"",NA,NA,NA,NA,NA,NA,NA,"",NA,NA,NA,"collector number=465-22; original ledger number=2097 G; station number=343-35",NA,NA,"not applicable",NA,"Holothuriidae",NA,"",NA,"",NA,NA,"1d35a70e-cbb0-42a3-838e-3265f643e7c1",NA,NA,NA,NA,NA,NA,NA,"Museum of Comparative Zoology, Harvard University",NA,"",NA,NA,NA,NA,NA,0,NA,"Pacific Ocean, Pacific, Eastern Central",NA,"",NA,NA,NA,NA,NA,NA,NA,NA,NA,NA,NA,NA,"December 12, 1934",NA,"whole animal (70% ethanol)","IZ","","",NA,NA,NA,NA,"RV Velero III, Hancock Pacific Expeditions",NA,NA,NA,NA,NA,"","Holothuria (Platyperona) difficilis",NA,NA,NA,NA,NA,"Holothuria","a40b84f6f61a874b25aaad41c911123ec4811a93","MCZ",NA,NA,"",NA,NA,"","b4640710-8e03-11d8-b956-b8a03c50a862",NA,NA,NA,NA,NA,"",NA,"Aspidochirotida",NA,NA,"Semper, 1868",NA,NA,"","","Holothuroidea","",NA,NA,"872733a2-67a3-4c54-aa76-862735a5f334",NA,"http://mczbase.mcz.harvard.edu/guid/MCZ:IZ:128113",NA,NA,"Animalia Echinodermata Holothuroidea Aspidochirotida Holothuriidae Holothuria (Platyperona) difficilis",NA,NA,NA
"300",NA,"",NA,NA,NA,NA,NA,NA,NA,NA,NA,"","Animalia","1905-02-03",NA,NA,"difficilis","19929ae7-e8f4-40a9-88e6-7e56c47757f4","[no agent data]","Pacific Ocean","2014-01-11T23:45:55.916Z",NA,"",NA,"",NA,"",NA,"HOL-1327",NA,NA,NA,NA,NA,"http://mczbase.mcz.harvard.edu/guid/MCZ:IZ:HOL-1327",1,NA,NA,"",NA,"",NA,NA,NA,NA,"PhysicalObject","PreservedSpecimen",NA,NA,NA,"","en","President and Fellows of Harvard College",NA,"MCZ:IZ:HOL-1327","",NA,NA,NA,NA,"","","Echinodermata",NA,NA,NA,NA,NA,NA,"",NA,"2013-03-25 10:02:28.0",NA,NA,NA,"Tuamotu Islands, Paumotus, Manga Reva",NA,"ICZN",NA,"",NA,"",NA,"",NA,"",NA,NA,NA,NA,NA,NA,NA,"",NA,NA,NA,"",NA,NA,"not applicable",NA,"Holothuriidae",NA,"",NA,"",NA,NA,"19929ae7-e8f4-40a9-88e6-7e56c47757f4",NA,NA,NA,NA,NA,NA,NA,"Museum of Comparative Zoology, Harvard University",NA,"",NA,NA,NA,NA,NA,0,NA,"Pacific Ocean, Pacific, Eastern Central",NA,"",NA,NA,NA,NA,NA,NA,NA,NA,NA,NA,NA,NA,"February 3, 1905",NA,"whole animal (70% ethanol)","IZ","","",NA,NA,NA,NA,"USFC Steamer Albatross",NA,NA,NA,NA,NA,"","Holothuria (Platyperona) difficilis",NA,NA,NA,NA,NA,"Holothuria","ac7f20ab28b054408b87176f33a085e6eafc651c","MCZ",NA,NA,"",NA,NA,"","b4640710-8e03-11d8-b956-b8a03c50a862",NA,NA,NA,NA,NA,"",NA,"Aspidochirotida",NA,NA,"Semper, 1868",NA,NA,"","","Holothuroidea","",NA,NA,"872733a2-67a3-4c54-aa76-862735a5f334",NA,"http://mczbase.mcz.harvard.edu/guid/MCZ:IZ:HOL-1327",NA,NA,"Animalia Echinodermata Holothuroidea Aspidochirotida Holothuriidae Holothuria (Platyperona) difficilis",NA,NA,NA
"308",NA,"",NA,NA,NA,NA,NA,NA,NA,NA,NA,"","Animalia","1913-09-24",NA,NA,"difficilis","273d9071-c37d-492f-8e5c-57883570626f","Hubert Lyman Clark, Hubert Lyman Clark","Pacific Ocean","2014-06-18T06:26:08.497Z",NA,"",NA,"",NA,"",NA,"HOL-1090",NA,NA,NA,NA,NA,"http://mczbase.mcz.harvard.edu/guid/MCZ:IZ:HOL-1090",1,NA,NA,"",NA,"",NA,NA,NA,NA,"PhysicalObject","PreservedSpecimen",NA,NA,NA,"","en","President and Fellows of Harvard College",NA,"MCZ:IZ:HOL-1090","",NA,NA,NA,NA,"","","Echinodermata",NA,NA,NA,NA,NA,NA,"",NA,"2014-06-09 15:15:22.0",NA,NA,NA,"Australia, Queensland, Torres Strait, Murray Island (Mer)",NA,"ICZN",NA,"",NA,"",NA,"",NA,"",NA,NA,NA,NA,NA,NA,NA,"",NA,NA,NA,"",NA,NA,"not applicable",NA,"Holothuriidae",NA,"",NA,"",NA,NA,"273d9071-c37d-492f-8e5c-57883570626f",NA,NA,NA,NA,NA,NA,NA,"Museum of Comparative Zoology, Harvard University",NA,"",NA,NA,NA,NA,NA,0,NA,"Pacific Ocean, Pacific, Western Central",NA,"",NA,NA,NA,NA,NA,NA,NA,NA,NA,NA,NA,NA,"September 24, 1913",NA,"whole animal (70% ethanol)","IZ","","",NA,NA,NA,NA,"Hubert Lyman Clark, Carnegie Expedition to the Torres Strait",NA,NA,NA,NA,NA,"","Holothuria (Platyperona) difficilis",NA,NA,NA,NA,NA,"Holothuria","11d62df3a4abf8e1706310be645df02a977ff74e","MCZ",NA,NA,"",NA,NA,"","b4640710-8e03-11d8-b956-b8a03c50a862",NA,NA,NA,NA,NA,"",NA,"Aspidochirotida",NA,NA,"Semper, 1868",NA,NA,"","","Holothuroidea","",NA,NA,"872733a2-67a3-4c54-aa76-862735a5f334",NA,"http://mczbase.mcz.harvard.edu/guid/MCZ:IZ:HOL-1090",NA,NA,"Animalia Echinodermata Holothuroidea Aspidochirotida Holothuriidae Holothuria (Platyperona) difficilis",NA,NA,NA
"316",NA,"",NA,NA,NA,NA,NA,1.8288,NA,NA,NA,"","Animalia","1960-08-18",NA,NA,"difficilis","f838f86c-4271-4f02-8a55-4fefdfc6985b","Elisabeth Deichmann, [no agent data]","Indian Ocean","2014-01-11T17:23:01.565Z",NA,"",NA,"",NA,"",NA,"HOL-3034",NA,NA,NA,NA,NA,"http://mczbase.mcz.harvard.edu/guid/MCZ:IZ:HOL-3034",1,NA,NA,"",NA,"",NA,NA,NA,NA,"PhysicalObject","PreservedSpecimen",NA,NA,NA,"","en","President and Fellows of Harvard College",NA,"MCZ:IZ:HOL-3034","found with Urodemas ehrenbergi",NA,NA,NA,NA,"","","Echinodermata",NA,NA,NA,NA,NA,NA,"",NA,"2013-03-25 15:18:37.0",NA,NA,NA,"Pte. Ambarionaomby, Nossi Komba, near Nossi Be Madagascar",NA,"ICZN",NA,"532",NA,"",NA,"",NA,"",NA,NA,NA,NA,NA,NA,NA,"",NA,NA,NA,"collector number=532",1.8288,NA,"not applicable",NA,"Holothuriidae",NA,"",NA,"",NA,NA,"f838f86c-4271-4f02-8a55-4fefdfc6985b",NA,NA,NA,NA,NA,NA,NA,"Museum of Comparative Zoology, Harvard University",NA,"",NA,NA,NA,NA,NA,0,NA,"Indian Ocean, Indian Ocean, Western",NA,"",NA,NA,NA,NA,NA,NA,NA,NA,NA,NA,NA,NA,"August 18 1960",NA,"whole animal (70% ethanol)","IZ","","",NA,NA,NA,NA,"Arthur G. Humes",NA,NA,NA,NA,NA,"","Holothuria (Platyperona) difficilis",NA,NA,NA,NA,NA,"Holothuria","aed47a236aaffc90be9afc9f38ae203780893674","MCZ",NA,NA,"",NA,NA,"","b4640710-8e03-11d8-b956-b8a03c50a862",NA,NA,NA,NA,NA,"",NA,"Aspidochirotida",NA,NA,"Semper, 1868",NA,NA,"","","Holothuroidea","",NA,NA,"872733a2-67a3-4c54-aa76-862735a5f334",NA,"http://mczbase.mcz.harvard.edu/guid/MCZ:IZ:HOL-3034",NA,NA,"Animalia Echinodermata Holothuroidea Aspidochirotida Holothuriidae Holothuria (Platyperona) difficilis",NA,NA,NA
"361",NA,"",NA,NA,NA,NA,NA,NA,NA,NA,NA,"","Animalia","1932-04-01/1932-04-30",NA,NA,"difficilis","0808bdd8-9d01-4532-b2f2-986c2adce6c1","Hubert Lyman Clark","Pacific Ocean","2014-07-13T05:17:18.758Z",NA,"",NA,"",NA,"159.0727d",NA,"HOL-1512",NA,NA,NA,NA,NA,"http://mczbase.mcz.harvard.edu/guid/MCZ:IZ:HOL-1512",1,NA,NA,"GEOLocate",NA,"",NA,NA,-31.532389,NA,"PhysicalObject","PreservedSpecimen",NA,NA,NA,"decimal degrees","en","President and Fellows of Harvard College",NA,"MCZ:IZ:HOL-1512","Albino",NA,NA,NA,NA,"","","Echinodermata",NA,NA,NA,NA,NA,NA,"",NA,"2014-06-18 15:18:05.0",NA,NA,NA,"Australia, New South Wales, Lord Howe Island",NA,"ICZN",NA,"",NA,"WGS84",NA,"",NA,"",NA,NA,NA,NA,NA,NA,NA,"",159.0727,NA,NA,"",NA,NA,"not applicable",NA,"Holothuriidae",NA,"",NA,"",NA,NA,"0808bdd8-9d01-4532-b2f2-986c2adce6c1",NA,12662,NA,NA,NA,NA,NA,"Museum of Comparative Zoology, Harvard University",NA,"GEOLocate",NA,NA,NA,NA,NA,0,NA,"Pacific Ocean, Pacific, Southwest",NA,"",NA,NA,NA,NA,NA,NA,NA,NA,NA,NA,NA,NA,"April 1932",NA,"whole animal (70% ethanol)","IZ","","",NA,NA,NA,NA,"Harvard Australia Expedition 1931-1932",NA,NA,NA,NA,NA,"Penny Benson","Holothuria (Platyperona) difficilis",NA,NA,NA,NA,NA,"Holothuria","cb9bed9522c465578c661f063e421b23df66ba91","MCZ",NA,NA,"",NA,NA,"","b4640710-8e03-11d8-b956-b8a03c50a862",NA,NA,12662,NA,NA,"migration",NA,"Aspidochirotida",NA,NA,"Semper, 1868",NA,NA,"","-31.532389d","Holothuroidea","",NA,NA,"872733a2-67a3-4c54-aa76-862735a5f334",NA,"http://mczbase.mcz.harvard.edu/guid/MCZ:IZ:HOL-1512",NA,NA,"Animalia Echinodermata Holothuroidea Aspidochirotida Holothuriidae Holothuria (Platyperona) difficilis",NA,NA,NA
"363",NA,"",NA,NA,NA,NA,NA,NA,NA,NA,NA,"","Animalia","1932-04-01/1932-04-30",NA,NA,"difficilis","57b83e9a-9df4-4ad6-97bf-0dad18f5c5aa","Hubert Lyman Clark","Pacific Ocean","2014-07-13T03:04:25.867Z",NA,"",NA,"",NA,"159.0727d",NA,"HOL-1510",NA,NA,NA,NA,NA,"http://mczbase.mcz.harvard.edu/guid/MCZ:IZ:HOL-1510",1,NA,NA,"GEOLocate",NA,"",NA,NA,-31.532389,NA,"PhysicalObject","PreservedSpecimen",NA,NA,NA,"decimal degrees","en","President and Fellows of Harvard College",NA,"MCZ:IZ:HOL-1510","",NA,NA,NA,NA,"","","Echinodermata",NA,NA,NA,NA,NA,NA,"",NA,"2014-06-18 15:18:05.0",NA,NA,NA,"Australia, New South Wales, Lord Howe Island",NA,"ICZN",NA,"",NA,"WGS84",NA,"",NA,"",NA,NA,NA,NA,NA,NA,NA,"",159.0727,NA,NA,"",NA,NA,"not applicable",NA,"Holothuriidae",NA,"",NA,"",NA,NA,"57b83e9a-9df4-4ad6-97bf-0dad18f5c5aa",NA,12662,NA,NA,NA,NA,NA,"Museum of Comparative Zoology, Harvard University",NA,"GEOLocate",NA,NA,NA,NA,NA,0,NA,"Pacific Ocean, Pacific, Southwest",NA,"",NA,NA,NA,NA,NA,NA,NA,NA,NA,NA,NA,NA,"April 1932",NA,"whole animal (70% ethanol)","IZ","","",NA,NA,NA,NA,"Harvard Australia Expedition 1931-1932",NA,NA,NA,NA,NA,"Penny Benson","Holothuria (Platyperona) difficilis",NA,NA,NA,NA,NA,"Holothuria","9b02f65b0a7a7d3a46dcfacc37e8fecfb97209f8","MCZ",NA,NA,"",NA,NA,"","b4640710-8e03-11d8-b956-b8a03c50a862",NA,NA,12662,NA,NA,"migration",NA,"Aspidochirotida",NA,NA,"Semper, 1868",NA,NA,"","-31.532389d","Holothuroidea","",NA,NA,"872733a2-67a3-4c54-aa76-862735a5f334",NA,"http://mczbase.mcz.harvard.edu/guid/MCZ:IZ:HOL-1510",NA,NA,"Animalia Echinodermata Holothuroidea Aspidochirotida Holothuriidae Holothuria (Platyperona) difficilis",NA,NA,NA
"618",NA,"",NA,NA,NA,NA,NA,NA,NA,NA,NA,"","Animalia","1917-01-01/1917-12-31",NA,NA,"difficilis","d2b48349-e76e-4f84-bc92-d5dbd06f30cd","[no agent data]","Pacific Ocean","2014-07-13T02:48:03.954Z",NA,"",NA,"",NA,"",NA,"HOL-1242",NA,NA,NA,NA,NA,"http://mczbase.mcz.harvard.edu/guid/MCZ:IZ:HOL-1242",1,NA,NA,"",NA,"",NA,NA,NA,NA,"PhysicalObject","PreservedSpecimen",NA,NA,NA,"","en","President and Fellows of Harvard College",NA,"MCZ:IZ:HOL-1242","",NA,NA,NA,NA,"","","Echinodermata",NA,NA,NA,NA,NA,NA,"",NA,"2014-06-04 11:08:20.0",NA,NA,NA,"Samoa, Tutuila Island, Pago Pago",NA,"ICZN",NA,"",NA,"",NA,"",NA,"",NA,NA,NA,NA,NA,NA,NA,"",NA,NA,NA,"",NA,NA,"not applicable",NA,"Holothuriidae",NA,"",NA,"",NA,NA,"d2b48349-e76e-4f84-bc92-d5dbd06f30cd",NA,NA,NA,NA,NA,NA,NA,"Museum of Comparative Zoology, Harvard University",NA,"",NA,NA,NA,NA,NA,0,NA,"Pacific Ocean, Pacific, Eastern Central",NA,"",NA,NA,NA,NA,NA,NA,NA,NA,NA,NA,NA,NA,"1917",NA,"whole animal (70% ethanol)","IZ","","",NA,NA,NA,NA,"John W. Mills",NA,NA,NA,NA,NA,"","Holothuria (Platyperona) difficilis",NA,NA,NA,NA,NA,"Holothuria","e53328824f85c36dd686efec4aabf409f140c00d","MCZ",NA,NA,"",NA,NA,"","b4640710-8e03-11d8-b956-b8a03c50a862",NA,NA,NA,NA,NA,"",NA,"Aspidochirotida",NA,NA,"Semper, 1868",NA,NA,"","","Holothuroidea","",NA,NA,"872733a2-67a3-4c54-aa76-862735a5f334",NA,"http://mczbase.mcz.harvard.edu/guid/MCZ:IZ:HOL-1242",NA,NA,"Animalia Echinodermata Holothuroidea Aspidochirotida Holothuriidae Holothuria (Platyperona) difficilis",NA,NA,NA
"628",NA,"",NA,NA,NA,NA,NA,NA,NA,NA,NA,"","Animalia","1898-11-01/1898-11-30",NA,NA,"difficilis","92613777-26dc-4ae5-a561-c2900cec4167","World Register of Marine Species, Hubert Lyman Clark","Pacific Ocean","2014-07-12T13:11:38.455Z",NA,"",NA,"",NA,"",NA,"HOL-601",NA,NA,NA,NA,NA,"http://mczbase.mcz.harvard.edu/guid/MCZ:IZ:HOL-601",1,NA,NA,"",NA,"",NA,NA,NA,NA,"PhysicalObject","PreservedSpecimen",NA,NA,NA,"","en","President and Fellows of Harvard College",NA,"MCZ:IZ:HOL-601","",NA,NA,NA,NA,"Syntype","","Echinodermata",NA,NA,NA,NA,NA,NA,"2012-07-26 00:00:00.0",NA,"2013-06-18 15:17:42.0",NA,NA,NA,"Clipperton Island",NA,"ICZN",NA,"",NA,"",NA,"",NA,"",NA,NA,NA,NA,NA,NA,NA,"",NA,NA,NA,"",NA,NA,"not applicable",NA,"Holothuriidae",NA,"",NA,"",NA,NA,"92613777-26dc-4ae5-a561-c2900cec4167",NA,NA,NA,NA,NA,NA,NA,"Museum of Comparative Zoology, Harvard University",NA,"",NA,NA,NA,NA,NA,0,NA,"Pacific Ocean, Pacific, Eastern Central",NA,"",NA,NA,NA,NA,NA,NA,NA,NA,NA,NA,NA,NA,"November 1898",NA,"whole animal (70% ethanol)","IZ","","",NA,NA,NA,NA,"Hubert Lyman Clark, Hopkins-Stanford Galapagos Expedition 1898-99",NA,NA,NA,NA,NA,"","Holothuria (Platyperona) difficilis",NA,NA,NA,NA,NA,"Holothuria","ff7e081120d3b58b091a55a2622ce52c6c66576d","MCZ",NA,NA,"",NA,NA,"","b4640710-8e03-11d8-b956-b8a03c50a862",NA,NA,NA,NA,NA,"",NA,"Aspidochirotida",NA,NA,"Semper, 1868",NA,NA,"","","Holothuroidea","",NA,NA,"872733a2-67a3-4c54-aa76-862735a5f334",NA,"http://mczbase.mcz.harvard.edu/guid/MCZ:IZ:HOL-601",NA,NA,"Animalia Echinodermata Holothuroidea Aspidochirotida Holothuriidae Holothuria (Platyperona) difficilis",NA,NA,NA
"893",NA,"",NA,NA,NA,NA,NA,NA,NA,NA,NA,"","Animalia","1800-01-01/1867-12-31",NA,NA,"difficilis","c4806cd2-8b1e-42a3-b3f0-2e00df972fd0","World Register of Marine Species, Carl Semper","Pacific Ocean","2014-07-12T13:41:46.213Z",NA,"",NA,"",NA,"",NA,"HOL-572",NA,NA,NA,NA,NA,"http://mczbase.mcz.harvard.edu/guid/MCZ:IZ:HOL-572",1,NA,NA,"",NA,"",NA,NA,NA,NA,"PhysicalObject","PreservedSpecimen",NA,NA,NA,"","en","President and Fellows of Harvard College",NA,"MCZ:IZ:HOL-572","",NA,NA,NA,NA,"Syntype","","Echinodermata",NA,NA,NA,NA,NA,NA,"",NA,"2013-06-12 14:40:14.0",NA,NA,NA,"Samoa",NA,"ICZN",NA,"",NA,"",NA,"",NA,"",NA,NA,NA,NA,NA,NA,NA,"",NA,NA,NA,"",NA,NA,"not applicable",NA,"Holothuriidae",NA,"",NA,"",NA,NA,"c4806cd2-8b1e-42a3-b3f0-2e00df972fd0",NA,NA,NA,NA,NA,NA,NA,"Museum of Comparative Zoology, Harvard University",NA,"",NA,NA,NA,NA,NA,0,NA,"Pacific Ocean, Pacific, Eastern Central",NA,"",NA,NA,NA,NA,NA,NA,NA,NA,NA,NA,NA,NA,"unknown",NA,"whole animal (70% ethanol)","IZ","","",NA,NA,NA,NA,"[no agent data]",NA,NA,NA,NA,NA,"","Holothuria (Platyperona) difficilis",NA,NA,NA,NA,NA,"Holothuria","10faf9683b8e30dd159669eabf5ae04b49c393c0","MCZ",NA,NA,"",NA,NA,"","b4640710-8e03-11d8-b956-b8a03c50a862",NA,NA,NA,NA,NA,"",NA,"Aspidochirotida",NA,NA,"Semper, 1868",NA,NA,"","","Holothuroidea","",NA,NA,"872733a2-67a3-4c54-aa76-862735a5f334",NA,"http://mczbase.mcz.harvard.edu/guid/MCZ:IZ:HOL-572",NA,NA,"Animalia Echinodermata Holothuroidea Aspidochirotida Holothuriidae Holothuria (Platyperona) difficilis",NA,NA,NA
"905",NA,"",NA,NA,NA,NA,NA,NA,NA,NA,NA,"","Animalia","1898-02-01/1898-03-31",NA,NA,"difficilis","cde3a5a5-90b1-4620-9425-0f14ca3ce953","Hubert Lyman Clark","Pacific Ocean","2014-07-12T15:01:20.805Z",NA,"",NA,"",NA,"159.0727d",NA,"HOL-573",NA,NA,NA,NA,NA,"http://mczbase.mcz.harvard.edu/guid/MCZ:IZ:HOL-573",1,NA,NA,"GEOLocate",NA,"",NA,NA,-31.532389,NA,"PhysicalObject","PreservedSpecimen",NA,NA,NA,"decimal degrees","en","President and Fellows of Harvard College",NA,"MCZ:IZ:HOL-573","",NA,NA,NA,NA,"","","Echinodermata",NA,NA,NA,NA,NA,NA,"",NA,"2014-06-11 10:00:07.0",NA,NA,NA,"Australia, New South Wales, Lord Howe Island",NA,"ICZN",NA,"",NA,"WGS84",NA,"",NA,"",NA,NA,NA,NA,NA,NA,NA,"",159.0727,NA,NA,"",NA,NA,"not applicable",NA,"Holothuriidae",NA,"",NA,"",NA,NA,"cde3a5a5-90b1-4620-9425-0f14ca3ce953",NA,12662,NA,NA,NA,NA,NA,"Museum of Comparative Zoology, Harvard University",NA,"GEOLocate",NA,NA,NA,NA,NA,0,NA,"Pacific Ocean, Pacific, Southwest",NA,"",NA,NA,NA,NA,NA,NA,NA,NA,NA,NA,NA,NA,"February - March 1898",NA,"whole animal (70% ethanol)","IZ","","",NA,NA,NA,NA,"HMCS Thetis",NA,NA,NA,NA,NA,"Penny Benson","Holothuria (Platyperona) difficilis",NA,NA,NA,NA,NA,"Holothuria","30cb2d608f1dd2b9016c39f657a5a3c48a98170e","MCZ",NA,NA,"",NA,NA,"","b4640710-8e03-11d8-b956-b8a03c50a862",NA,NA,12662,NA,NA,"migration",NA,"Aspidochirotida",NA,NA,"Semper, 1868",NA,NA,"","-31.532389d","Holothuroidea","",NA,NA,"872733a2-67a3-4c54-aa76-862735a5f334",NA,"http://mczbase.mcz.harvard.edu/guid/MCZ:IZ:HOL-573",NA,NA,"Animalia Echinodermata Holothuroidea Aspidochirotida Holothuriidae Holothuria (Platyperona) difficilis",NA,NA,NA
"907",NA,"",NA,NA,NA,NA,NA,NA,NA,NA,NA,"","Animalia","1938-01-17",NA,NA,"difficilis","e9e2baec-0c56-487a-b127-3697f20a12ef","[no agent data], Elisabeth Deichmann","Pacific Ocean","2014-08-04T20:18:42.051Z",NA,"",NA,"",NA,"-89.954333d",NA,"128114",NA,NA,NA,NA,NA,"http://mczbase.mcz.harvard.edu/guid/MCZ:IZ:128114",1,NA,NA,"GEOLocate",NA,"",NA,NA,0.310934,NA,"PhysicalObject","PreservedSpecimen",NA,NA,NA,"decimal degrees","en","President and Fellows of Harvard College",NA,"MCZ:IZ:128114","",NA,NA,NA,NA,"","","Echinodermata",NA,NA,NA,NA,NA,NA,"",NA,"2014-07-29 12:15:55.0",NA,NA,NA,"Ecuador: Galapagos, Genovesa Island, Darwin Bay",NA,"ICZN",NA,"465-20",NA,"WGS84",NA,"",NA,"",NA,NA,NA,NA,NA,NA,NA,"",-89.954333,NA,NA,"collector number=465-20; original ledger number=2097 H; station number=784-38",NA,NA,"not applicable",NA,"Holothuriidae",NA,"",NA,"",NA,NA,"e9e2baec-0c56-487a-b127-3697f20a12ef",NA,832,NA,NA,NA,NA,NA,"Museum of Comparative Zoology, Harvard University",NA,"GEOLocate",NA,NA,NA,NA,NA,0,NA,"Pacific Ocean, Pacific, Southeast",NA,"",NA,NA,NA,NA,NA,NA,NA,NA,NA,NA,NA,NA,"January 17, 1938",NA,"whole animal (70% ethanol)","IZ","","",NA,NA,NA,NA,"RV Velero III, Hancock Pacific Expeditions",NA,NA,NA,NA,NA,"Penny Benson","Holothuria (Platyperona) difficilis",NA,NA,NA,NA,NA,"Holothuria","6b765d319db0ac53a0a77c44077f69f18cc032fa","MCZ",NA,NA,"",NA,NA,"","b4640710-8e03-11d8-b956-b8a03c50a862",NA,NA,832,NA,NA,"unverified",NA,"Aspidochirotida",NA,NA,"Semper, 1868",NA,NA,"","0.310934d","Holothuroidea","",NA,NA,"872733a2-67a3-4c54-aa76-862735a5f334",NA,"http://mczbase.mcz.harvard.edu/guid/MCZ:IZ:128114",NA,NA,"Animalia Echinodermata Holothuroidea Aspidochirotida Holothuriidae Holothuria (Platyperona) difficilis",NA,NA,NA
"1198",NA,"",NA,NA,NA,NA,NA,NA,NA,NA,NA,"","Animalia","1800-01-01/2000-01-01",NA,NA,"difficilis","3a5382a7-d3bc-4c27-b3e5-0c7f0be101eb","William Blaxland Benham, Elisabeth Deichmann","Pacific Ocean","2014-07-12T15:34:09.068Z",NA,"",NA,"",NA,"",NA,"HOL-825",NA,NA,NA,NA,NA,"http://mczbase.mcz.harvard.edu/guid/MCZ:IZ:HOL-825",1,NA,NA,"",NA,"",NA,NA,NA,NA,"PhysicalObject","PreservedSpecimen",NA,NA,NA,"","en","President and Fellows of Harvard College",NA,"MCZ:IZ:HOL-825","",NA,NA,NA,NA,"","","Echinodermata",NA,NA,NA,NA,NA,NA,"",NA,"2013-03-22 11:02:30.0",NA,NA,NA,"Kermadec Islands",NA,"ICZN",NA,"",NA,"",NA,"",NA,"",NA,NA,NA,NA,NA,NA,NA,"",NA,NA,NA,"",NA,NA,"not applicable",NA,"Holothuriidae",NA,"",NA,"",NA,NA,"3a5382a7-d3bc-4c27-b3e5-0c7f0be101eb",NA,NA,NA,NA,NA,NA,NA,"Museum of Comparative Zoology, Harvard University",NA,"",NA,NA,NA,NA,NA,0,NA,"Pacific Ocean, Pacific, Southwest",NA,"",NA,NA,NA,NA,NA,NA,NA,NA,NA,NA,NA,NA,"unknown",NA,"whole animal (70% ethanol)","IZ","","",NA,NA,NA,NA,"William Blaxland Benham",NA,NA,NA,NA,NA,"","Holothuria (Platyperona) difficilis",NA,NA,NA,NA,NA,"Holothuria","4348dfaa5b45f77e411aa1ad262e8482b12bd67e","MCZ",NA,NA,"",NA,NA,"","b4640710-8e03-11d8-b956-b8a03c50a862",NA,NA,NA,NA,NA,"",NA,"Aspidochirotida",NA,NA,"Semper, 1868",NA,NA,"","","Holothuroidea","",NA,NA,"872733a2-67a3-4c54-aa76-862735a5f334",NA,"http://mczbase.mcz.harvard.edu/guid/MCZ:IZ:HOL-825",NA,NA,"Animalia Echinodermata Holothuroidea Aspidochirotida Holothuriidae Holothuria (Platyperona) difficilis",NA,NA,NA
"1209",NA,"",NA,NA,NA,NA,NA,NA,NA,NA,NA,"","Animalia","1871-01-01/1871-12-31",NA,NA,"difficilis","506895a8-9697-47d9-a1e5-6a7d466836a2","[no agent data]","Indian Ocean","2014-07-13T00:54:28.660Z",NA,"",NA,"",NA,"",NA,"HOL-574",NA,NA,NA,NA,NA,"http://mczbase.mcz.harvard.edu/guid/MCZ:IZ:HOL-574",1,NA,NA,"",NA,"",NA,NA,NA,NA,"PhysicalObject","PreservedSpecimen",NA,NA,NA,"","en","President and Fellows of Harvard College",NA,"MCZ:IZ:HOL-574","",NA,NA,NA,NA,"","","Echinodermata",NA,NA,NA,NA,NA,NA,"",NA,"2013-03-22 11:02:30.0",NA,NA,NA,"Republic of Mauritius",NA,"ICZN",NA,"",NA,"",NA,"",NA,"",NA,NA,NA,NA,NA,NA,NA,"",NA,NA,NA,"",NA,NA,"not applicable",NA,"Holothuriidae",NA,"",NA,"",NA,NA,"506895a8-9697-47d9-a1e5-6a7d466836a2",NA,NA,NA,NA,NA,NA,NA,"Museum of Comparative Zoology, Harvard University",NA,"",NA,NA,NA,NA,NA,0,NA,"Indian Ocean, Indian Ocean, Western",NA,"",NA,NA,NA,NA,NA,NA,NA,NA,NA,NA,NA,NA,"1871",NA,"whole animal (70% ethanol)","IZ","","",NA,NA,NA,NA,"Nicholas Pike",NA,NA,NA,NA,NA,"","Holothuria (Platyperona) difficilis",NA,NA,NA,NA,NA,"Holothuria","e71911db0aec42d9c08efde7f5f4663a1b7b49bc","MCZ",NA,NA,"",NA,NA,"","b4640710-8e03-11d8-b956-b8a03c50a862",NA,NA,NA,NA,NA,"",NA,"Aspidochirotida",NA,NA,"Semper, 1868",NA,NA,"","","Holothuroidea","",NA,NA,"872733a2-67a3-4c54-aa76-862735a5f334",NA,"http://mczbase.mcz.harvard.edu/guid/MCZ:IZ:HOL-574",NA,NA,"Animalia Echinodermata Holothuroidea Aspidochirotida Holothuriidae Holothuria (Platyperona) difficilis",NA,NA,NA
"1243",NA,"",NA,NA,NA,NA,NA,NA,NA,NA,NA,"","Animalia","1939-03-16",NA,NA,"difficilis","3d2275fa-fca3-4f4a-a884-f60d26bf29d1","[no agent data], Elisabeth Deichmann","Pacific Ocean","2014-07-22T07:58:41.685Z",NA,"",NA,"",NA,"",NA,"128108",NA,NA,NA,NA,NA,"http://mczbase.mcz.harvard.edu/guid/MCZ:IZ:128108",1,NA,NA,"",NA,"",NA,NA,NA,NA,"PhysicalObject","PreservedSpecimen",NA,NA,NA,"","en","President and Fellows of Harvard College",NA,"MCZ:IZ:128108","",NA,NA,NA,NA,"","","Echinodermata",NA,NA,NA,NA,NA,NA,"",NA,"2014-07-02 13:14:56.0",NA,NA,NA,"Mexico: Clarion Islands, Sulphur Bay",NA,"ICZN",NA,"465-4",NA,"",NA,"",NA,"",NA,NA,NA,NA,NA,NA,NA,"",NA,NA,NA,"collector number=465-4; original ledger number=2097 B; station number=916-39",NA,NA,"not applicable",NA,"Holothuriidae",NA,"",NA,"",NA,NA,"3d2275fa-fca3-4f4a-a884-f60d26bf29d1",NA,NA,NA,NA,NA,NA,NA,"Museum of Comparative Zoology, Harvard University",NA,"",NA,NA,NA,NA,NA,0,NA,"Pacific Ocean, Pacific, Eastern Central",NA,"",NA,NA,NA,NA,NA,NA,NA,NA,NA,NA,NA,NA,"March 16, 1939",NA,"whole animal (70% ethanol)","IZ","","",NA,NA,NA,NA,"RV Velero III, Hancock Pacific Expeditions",NA,NA,NA,NA,NA,"","Holothuria (Platyperona) difficilis",NA,NA,NA,NA,NA,"Holothuria","e2be787348297c6b9b1f06ea41cc2af48223cb7a","MCZ",NA,NA,"",NA,NA,"","b4640710-8e03-11d8-b956-b8a03c50a862",NA,NA,NA,NA,NA,"",NA,"Aspidochirotida",NA,NA,"Semper, 1868",NA,NA,"","","Holothuroidea","",NA,NA,"872733a2-67a3-4c54-aa76-862735a5f334",NA,"http://mczbase.mcz.harvard.edu/guid/MCZ:IZ:128108",NA,NA,"Animalia Echinodermata Holothuroidea Aspidochirotida Holothuriidae Holothuria (Platyperona) difficilis",NA,NA,NA
"1245",NA,"",NA,NA,NA,NA,NA,NA,NA,NA,NA,"","Animalia","1938-01-17",NA,NA,"difficilis","87a35bc6-89c8-4dd0-adea-2addce2ec34c","[no agent data]","Pacific Ocean","2014-08-04T20:17:35.627Z",NA,"",NA,"",NA,"-89.954333d",NA,"HOL-1884",NA,NA,NA,NA,NA,"http://mczbase.mcz.harvard.edu/guid/MCZ:IZ:HOL-1884",1,NA,NA,"GEOLocate",NA,"",NA,NA,0.310934,NA,"PhysicalObject","PreservedSpecimen",NA,NA,NA,"decimal degrees","en","President and Fellows of Harvard College",NA,"MCZ:IZ:HOL-1884","",NA,NA,NA,NA,"","","Echinodermata",NA,NA,NA,NA,NA,NA,"",NA,"2014-07-29 12:15:55.0",NA,NA,NA,"Ecuador: Galapagos, Genovesa Island, Darwin Bay",NA,"ICZN",NA,"",NA,"WGS84",NA,"",NA,"",NA,NA,NA,NA,NA,NA,NA,"",-89.954333,NA,NA,"station number=784-38",NA,NA,"not applicable",NA,"Holothuriidae",NA,"",NA,"",NA,NA,"87a35bc6-89c8-4dd0-adea-2addce2ec34c",NA,832,NA,NA,NA,NA,NA,"Museum of Comparative Zoology, Harvard University",NA,"GEOLocate",NA,NA,NA,NA,NA,0,NA,"Pacific Ocean, Pacific, Southeast",NA,"",NA,NA,NA,NA,NA,NA,NA,NA,NA,NA,NA,NA,"January 17, 1938",NA,"whole animal (70% ethanol)","IZ","","",NA,NA,NA,NA,"RV Velero III, Hancock Pacific Expeditions",NA,NA,NA,NA,NA,"Penny Benson","Holothuria (Platyperona) difficilis",NA,NA,NA,NA,NA,"Holothuria","ea8a98284dd518aa1bbe0b376d96b3c877e1ad55","MCZ",NA,NA,"",NA,NA,"","b4640710-8e03-11d8-b956-b8a03c50a862",NA,NA,832,NA,NA,"unverified",NA,"Aspidochirotida",NA,NA,"Semper, 1868",NA,NA,"","0.310934d","Holothuroidea","",NA,NA,"872733a2-67a3-4c54-aa76-862735a5f334",NA,"http://mczbase.mcz.harvard.edu/guid/MCZ:IZ:HOL-1884",NA,NA,"Animalia Echinodermata Holothuroidea Aspidochirotida Holothuriidae Holothuria (Platyperona) difficilis",NA,NA,NA
"1246",NA,"",NA,NA,NA,NA,NA,NA,NA,NA,NA,"","Animalia","1938-01-16",NA,NA,"difficilis","511afd99-15d7-4a8d-b930-aa35c805b2e2","[no agent data], Elisabeth Deichmann","Pacific Ocean","2014-08-04T20:19:14.542Z",NA,"",NA,"",NA,"-89.954333d",NA,"128112",NA,NA,NA,NA,NA,"http://mczbase.mcz.harvard.edu/guid/MCZ:IZ:128112",1,NA,NA,"GEOLocate",NA,"",NA,NA,0.310934,NA,"PhysicalObject","PreservedSpecimen",NA,NA,NA,"decimal degrees","en","President and Fellows of Harvard College",NA,"MCZ:IZ:128112","",NA,NA,NA,NA,"","","Echinodermata",NA,NA,NA,NA,NA,NA,"",NA,"2014-07-29 12:13:34.0",NA,NA,NA,"Ecuador: Galapagos, Genovesa Island, Darwin Bay",NA,"ICZN",NA,"465-5",NA,"WGS84",NA,"",NA,"",NA,NA,NA,NA,NA,NA,NA,"",-89.954333,NA,NA,"collector number=465-5; original ledger number=2097 F; station number=782-38",NA,NA,"not applicable",NA,"Holothuriidae",NA,"",NA,"",NA,NA,"511afd99-15d7-4a8d-b930-aa35c805b2e2",NA,832,NA,NA,NA,NA,NA,"Museum of Comparative Zoology, Harvard University",NA,"GEOLocate",NA,NA,NA,NA,NA,0,NA,"Pacific Ocean, Pacific, Southeast",NA,"",NA,NA,NA,NA,NA,NA,NA,NA,NA,NA,NA,NA,"January 16, 1938",NA,"whole animal (70% ethanol)","IZ","","",NA,NA,NA,NA,"RV Velero III, Hancock Pacific Expeditions",NA,NA,NA,NA,NA,"Penny Benson","Holothuria (Platyperona) difficilis",NA,NA,NA,NA,NA,"Holothuria","cd53b82fddea06cd86652243e9b6337440535861","MCZ",NA,NA,"",NA,NA,"","b4640710-8e03-11d8-b956-b8a03c50a862",NA,NA,832,NA,NA,"unverified",NA,"Aspidochirotida",NA,NA,"Semper, 1868",NA,NA,"","0.310934d","Holothuroidea","",NA,NA,"872733a2-67a3-4c54-aa76-862735a5f334",NA,"http://mczbase.mcz.harvard.edu/guid/MCZ:IZ:128112",NA,NA,"Animalia Echinodermata Holothuroidea Aspidochirotida Holothuriidae Holothuria (Platyperona) difficilis",NA,NA,NA
"1247",NA,"",NA,NA,NA,NA,NA,NA,NA,NA,NA,"","Animalia","1938-01-14",NA,NA,"difficilis","91569a6b-22f8-4d60-ab87-45162277c1a9","[no agent data]","Pacific Ocean","2014-07-26T00:41:55.072Z",NA,"",NA,"",NA,"",NA,"HOL-1883",NA,NA,NA,NA,NA,"http://mczbase.mcz.harvard.edu/guid/MCZ:IZ:HOL-1883",1,NA,NA,"",NA,"",NA,NA,NA,NA,"PhysicalObject","PreservedSpecimen",NA,NA,NA,"","en","President and Fellows of Harvard College",NA,"MCZ:IZ:HOL-1883","",NA,NA,NA,NA,"","","Echinodermata",NA,NA,NA,NA,NA,NA,"",NA,"2014-07-18 14:25:46.0",NA,NA,NA,"Costa Rica, Cocos Island, Chatham Bay",NA,"ICZN",NA,"",NA,"",NA,"",NA,"",NA,NA,NA,NA,NA,NA,NA,"",NA,NA,NA,"",NA,NA,"not applicable",NA,"Holothuriidae",NA,"",NA,"",NA,NA,"91569a6b-22f8-4d60-ab87-45162277c1a9",NA,NA,NA,NA,NA,NA,NA,"Museum of Comparative Zoology, Harvard University",NA,"",NA,NA,NA,NA,NA,0,NA,"Pacific Ocean, Pacific, Eastern Central",NA,"",NA,NA,NA,NA,NA,NA,NA,NA,NA,NA,NA,NA,"January 14, 1938",NA,"whole animal (70% ethanol)","IZ","","",NA,NA,NA,NA,"RV Velero III, Hancock Pacific Expeditions",NA,NA,NA,NA,NA,"","Holothuria (Platyperona) difficilis",NA,NA,NA,NA,NA,"Holothuria","9258e3360d5ab5a478d93cd1b87334b430a438e3","MCZ",NA,NA,"",NA,NA,"","b4640710-8e03-11d8-b956-b8a03c50a862",NA,NA,NA,NA,NA,"",NA,"Aspidochirotida",NA,NA,"Semper, 1868",NA,NA,"","","Holothuroidea","",NA,NA,"872733a2-67a3-4c54-aa76-862735a5f334",NA,"http://mczbase.mcz.harvard.edu/guid/MCZ:IZ:HOL-1883",NA,NA,"Animalia Echinodermata Holothuroidea Aspidochirotida Holothuriidae Holothuria (Platyperona) difficilis",NA,NA,NA
"1473",NA,"",NA,NA,NA,NA,NA,NA,NA,NA,NA,"","Animalia","1913-12-08",NA,NA,"difficilis","92bd8126-4a36-403e-a21d-5c845a81afc7","Hubert Lyman Clark","Pacific Ocean","2014-06-18T06:00:50.061Z",NA,"",NA,"",NA,"",NA,"HOL-1022",NA,NA,NA,NA,NA,"http://mczbase.mcz.harvard.edu/guid/MCZ:IZ:HOL-1022",1,NA,NA,"",NA,"",NA,NA,NA,NA,"PhysicalObject","PreservedSpecimen",NA,NA,NA,"","en","President and Fellows of Harvard College",NA,"MCZ:IZ:HOL-1022","",NA,NA,NA,NA,"","","Echinodermata",NA,NA,NA,NA,NA,NA,"",NA,"2014-05-22 10:46:13.0",NA,NA,NA,"United States, Hawaii, Hilo",NA,"ICZN",NA,"",NA,"",NA,"",NA,"",NA,NA,NA,NA,NA,NA,NA,"",NA,NA,NA,"",NA,NA,"not applicable",NA,"Holothuriidae",NA,"",NA,"",NA,NA,"92bd8126-4a36-403e-a21d-5c845a81afc7",NA,NA,NA,NA,NA,NA,NA,"Museum of Comparative Zoology, Harvard University",NA,"",NA,NA,NA,NA,NA,0,NA,"Pacific Ocean, Pacific, Eastern Central",NA,"",NA,NA,NA,NA,NA,NA,NA,NA,NA,NA,NA,NA,"December 8, 1913",NA,"whole animal (70% ethanol)","IZ","","",NA,NA,NA,NA,"Hubert Lyman Clark, Carnegie Expedition to the Torres Strait",NA,NA,NA,NA,NA,"","Holothuria (Platyperona) difficilis",NA,NA,NA,NA,NA,"Holothuria","ebafaaa3e798e3ab9a24049892ec51d328f033f8","MCZ",NA,NA,"",NA,NA,"","b4640710-8e03-11d8-b956-b8a03c50a862",NA,NA,NA,NA,NA,"",NA,"Aspidochirotida",NA,NA,"Semper, 1868",NA,NA,"","","Holothuroidea","",NA,NA,"872733a2-67a3-4c54-aa76-862735a5f334",NA,"http://mczbase.mcz.harvard.edu/guid/MCZ:IZ:HOL-1022",NA,NA,"Animalia Echinodermata Holothuroidea Aspidochirotida Holothuriidae Holothuria (Platyperona) difficilis",NA,NA,NA
"1780",NA,"",NA,NA,NA,NA,NA,NA,NA,NA,NA,"","Animalia","1913-12-06",NA,NA,"difficilis","59ab827b-5a02-4ffc-b8d4-265a16b76efa","Elisabeth Deichmann, [no agent data]","Pacific Ocean","2014-06-18T07:50:49.696Z",NA,"",NA,"",NA,"",NA,"HOL-967",NA,NA,NA,NA,NA,"http://mczbase.mcz.harvard.edu/guid/MCZ:IZ:HOL-967",1,NA,NA,"",NA,"",NA,NA,NA,NA,"PhysicalObject","PreservedSpecimen",NA,NA,NA,"","en","President and Fellows of Harvard College",NA,"MCZ:IZ:HOL-967","",NA,NA,NA,NA,"","","Echinodermata",NA,NA,NA,NA,NA,NA,"",NA,"2014-05-22 10:40:20.0",NA,NA,NA,"United States, Hawaii, Maui Island, Lahaina",NA,"ICZN",NA,"",NA,"",NA,"",NA,"",NA,NA,NA,NA,NA,NA,NA,"",NA,NA,NA,"",NA,NA,"not applicable",NA,"Holothuriidae",NA,"",NA,"",NA,NA,"59ab827b-5a02-4ffc-b8d4-265a16b76efa",NA,NA,NA,NA,NA,NA,NA,"Museum of Comparative Zoology, Harvard University",NA,"",NA,NA,NA,NA,NA,0,NA,"Pacific Ocean, Pacific, Eastern Central",NA,"",NA,NA,NA,NA,NA,NA,NA,NA,NA,NA,NA,NA,"December 6, 1913",NA,"whole animal (70% ethanol)","IZ","","",NA,NA,NA,NA,"Hubert Lyman Clark, Carnegie Expedition to the Torres Strait",NA,NA,NA,NA,NA,"","Holothuria (Platyperona) difficilis",NA,NA,NA,NA,NA,"Holothuria","5e3445fecd3bd6754ca280a756eac924fdbd6c4d","MCZ",NA,NA,"",NA,NA,"","b4640710-8e03-11d8-b956-b8a03c50a862",NA,NA,NA,NA,NA,"",NA,"Aspidochirotida",NA,NA,"Semper, 1868",NA,NA,"","","Holothuroidea","",NA,NA,"872733a2-67a3-4c54-aa76-862735a5f334",NA,"http://mczbase.mcz.harvard.edu/guid/MCZ:IZ:HOL-967",NA,NA,"Animalia Echinodermata Holothuroidea Aspidochirotida Holothuriidae Holothuria (Platyperona) difficilis",NA,NA,NA
"1781",NA,"",NA,NA,NA,NA,NA,NA,NA,NA,NA,"","Animalia","1940-03-20",NA,NA,"difficilis","0b2eb890-30f6-4387-ac2a-27e191591658","[no agent data]","Pacific Ocean","2014-05-28T20:29:24.245Z",NA,"",NA,"",NA,"",NA,"128867",NA,NA,NA,NA,NA,"http://mczbase.mcz.harvard.edu/guid/MCZ:IZ:128867",1,NA,NA,"",NA,"",NA,NA,NA,NA,"PhysicalObject","PreservedSpecimen",NA,NA,NA,"","en","President and Fellows of Harvard College",NA,"MCZ:IZ:128867","",NA,NA,NA,NA,"","","Echinodermata",NA,NA,NA,NA,NA,NA,"",NA,"2014-04-25 14:24:16.0",NA,NA,NA,"Mexico: Espiritu Santo Island, Punta Lobos",NA,"ICZN",NA,"",NA,"",NA,"",NA,"",NA,NA,NA,NA,NA,NA,NA,"",NA,NA,NA,"original number=2097",NA,NA,"not applicable",NA,"Holothuriidae",NA,"",NA,"",NA,NA,"0b2eb890-30f6-4387-ac2a-27e191591658",NA,NA,NA,NA,NA,NA,NA,"Museum of Comparative Zoology, Harvard University",NA,"",NA,NA,NA,NA,NA,0,NA,"Pacific Ocean, Pacific, Eastern Central",NA,"",NA,NA,NA,NA,NA,NA,NA,NA,NA,NA,NA,NA,"March 20, 1940",NA,"whole animal (70% ethanol)","IZ","","",NA,NA,NA,NA,"Edward Flanders Ricketts, John Steinbeck",NA,NA,NA,NA,NA,"","Holothuria (Platyperona) difficilis",NA,NA,NA,NA,NA,"Holothuria","a4c6314e745a17dfbacbf053e661029eb0c7fe59","MCZ",NA,NA,"",NA,NA,"","b4640710-8e03-11d8-b956-b8a03c50a862",NA,NA,NA,NA,NA,"",NA,"Aspidochirotida",NA,NA,"Semper, 1868",NA,NA,"","","Holothuroidea","",NA,NA,"872733a2-67a3-4c54-aa76-862735a5f334",NA,"http://mczbase.mcz.harvard.edu/guid/MCZ:IZ:128867",NA,NA,"Animalia Echinodermata Holothuroidea Aspidochirotida Holothuriidae Holothuria (Platyperona) difficilis",NA,NA,NA
"1799",NA,"",NA,NA,NA,NA,NA,NA,NA,NA,NA,"","Animalia","1700-01-01/2100-12-31",NA,NA,"difficilis","2ad2517f-fc5f-44b4-a8b3-c976bad8bf76","Elisabeth Deichmann","Pacific Ocean","2014-07-13T02:50:28.859Z",NA,"",NA,"",NA,"",NA,"HOL-4061",NA,NA,NA,NA,NA,"http://mczbase.mcz.harvard.edu/guid/MCZ:IZ:HOL-4061",1,NA,NA,"",NA,"",NA,NA,NA,NA,"PhysicalObject","PreservedSpecimen",NA,NA,NA,"","en","President and Fellows of Harvard College",NA,"MCZ:IZ:HOL-4061","",NA,NA,NA,NA,"","","Echinodermata",NA,NA,NA,NA,NA,NA,"",NA,"2013-03-25 15:02:38.0",NA,NA,NA,"Capricorn Group: Wilson Island",NA,"ICZN",NA,"",NA,"",NA,"",NA,"",NA,NA,NA,NA,NA,NA,NA,"",NA,NA,NA,"",NA,NA,"not applicable",NA,"Holothuriidae",NA,"",NA,"",NA,NA,"2ad2517f-fc5f-44b4-a8b3-c976bad8bf76",NA,NA,NA,NA,NA,NA,NA,"Museum of Comparative Zoology, Harvard University",NA,"",NA,NA,NA,NA,NA,0,NA,"Pacific Ocean, Pacific, Western Central",NA,"",NA,NA,NA,NA,NA,NA,NA,NA,NA,NA,NA,NA,"unknown",NA,"whole animal (70% ethanol)","IZ","","",NA,NA,NA,NA,"[no agent data]",NA,NA,NA,NA,NA,"","Holothuria (Platyperona) difficilis",NA,NA,NA,NA,NA,"Holothuria","76782c72686951535285fec5a8071ecd93be0890","MCZ",NA,NA,"",NA,NA,"","b4640710-8e03-11d8-b956-b8a03c50a862",NA,NA,NA,NA,NA,"",NA,"Aspidochirotida",NA,NA,"Semper, 1868",NA,NA,"","","Holothuroidea","",NA,NA,"872733a2-67a3-4c54-aa76-862735a5f334",NA,"http://mczbase.mcz.harvard.edu/guid/MCZ:IZ:HOL-4061",NA,NA,"Animalia Echinodermata Holothuroidea Aspidochirotida Holothuriidae Holothuria (Platyperona) difficilis",NA,NA,NA
"1808",NA,"",NA,NA,NA,NA,NA,NA,NA,NA,NA,"","Animalia","1700-01-01/2100-12-31",NA,NA,"difficilis","3ab92171-0c85-4d51-bd56-2380a23f6e37","Elisabeth Deichmann, [no agent data]","Pacific Ocean","2014-07-12T22:45:08.693Z",NA,"",NA,"",NA,"",NA,"HOL-4060",NA,NA,NA,NA,NA,"http://mczbase.mcz.harvard.edu/guid/MCZ:IZ:HOL-4060",1,NA,NA,"",NA,"",NA,NA,NA,NA,"PhysicalObject","PreservedSpecimen",NA,NA,NA,"","en","President and Fellows of Harvard College",NA,"MCZ:IZ:HOL-4060","",NA,NA,NA,NA,"","","Echinodermata",NA,NA,NA,NA,NA,NA,"",NA,"2013-03-25 15:02:38.0",NA,NA,NA,"Clipperton Island",NA,"ICZN",NA,"",NA,"",NA,"",NA,"",NA,NA,NA,NA,NA,NA,NA,"",NA,NA,NA,"other number=A-588-8",NA,NA,"not applicable",NA,"Holothuriidae",NA,"",NA,"",NA,NA,"3ab92171-0c85-4d51-bd56-2380a23f6e37",NA,NA,NA,NA,NA,NA,NA,"Museum of Comparative Zoology, Harvard University",NA,"",NA,NA,NA,NA,NA,0,NA,"Pacific Ocean, Pacific, Eastern Central",NA,"",NA,NA,NA,NA,NA,NA,NA,NA,NA,NA,NA,NA,"unknown",NA,"whole animal (70% ethanol)","IZ","","",NA,NA,NA,NA,"[no agent data]",NA,NA,NA,NA,NA,"","Holothuria (Platyperona) difficilis",NA,NA,NA,NA,NA,"Holothuria","d4b845a2ad6fedc7db32b8fc03187cc46228c46e","MCZ",NA,NA,"",NA,NA,"","b4640710-8e03-11d8-b956-b8a03c50a862",NA,NA,NA,NA,NA,"",NA,"Aspidochirotida",NA,NA,"Semper, 1868",NA,NA,"","","Holothuroidea","",NA,NA,"872733a2-67a3-4c54-aa76-862735a5f334",NA,"http://mczbase.mcz.harvard.edu/guid/MCZ:IZ:HOL-4060",NA,NA,"Animalia Echinodermata Holothuroidea Aspidochirotida Holothuriidae Holothuria (Platyperona) difficilis",NA,NA,NA
"1818",NA,"",NA,NA,NA,NA,NA,NA,NA,NA,NA,"","Animalia","1913-10-01/1913-10-31",NA,NA,"difficilis","e4ebdc78-d744-4326-96df-6efb2a407654","Hubert Lyman Clark, World Register of Marine Species","Pacific Ocean","2014-07-12T19:42:29.023Z",NA,"",NA,"",NA,"144.05164d",NA,"HOL-1009",NA,NA,NA,NA,NA,"http://mczbase.mcz.harvard.edu/guid/MCZ:IZ:HOL-1009",1,NA,NA,"GEOLocate",NA,"",NA,NA,-9.91518,NA,"PhysicalObject","PreservedSpecimen",NA,NA,NA,"decimal degrees","en","President and Fellows of Harvard College",NA,"MCZ:IZ:HOL-1009","note from HLC enclosed",NA,NA,NA,NA,"Holotype","","Echinodermata",NA,NA,NA,NA,NA,NA,"2012-07-24 00:00:00.0",NA,"2014-06-09 14:24:29.0",NA,NA,NA,"Australia, Queensland, Torres Strait, Murray Islands (Mer)",NA,"ICZN",NA,"",NA,"WGS84",NA,"",NA,"",NA,NA,NA,NA,NA,NA,NA,"",144.05164,NA,NA,"",NA,NA,"not applicable",NA,"Holothuriidae",NA,"",NA,"",NA,NA,"e4ebdc78-d744-4326-96df-6efb2a407654",NA,2768,NA,NA,NA,NA,NA,"Museum of Comparative Zoology, Harvard University",NA,"GEOLocate",NA,NA,NA,NA,NA,0,NA,"Pacific Ocean, Pacific, Western Central",NA,"",NA,NA,NA,NA,NA,NA,NA,NA,NA,NA,NA,NA,"October 1913",NA,"whole animal (70% ethanol)","IZ","","",NA,NA,NA,NA,"Hubert Lyman Clark, Carnegie Expedition to the Torres Strait",NA,NA,NA,NA,NA,"Jessica Anne Mullen","Holothuria (Platyperona) difficilis",NA,NA,NA,NA,NA,"Holothuria","887937a751f6ad822d55142ef98d7296af776060","MCZ",NA,NA,"",NA,NA,"","b4640710-8e03-11d8-b956-b8a03c50a862",NA,NA,2768,NA,NA,"unverified",NA,"Aspidochirotida",NA,NA,"Semper, 1868",NA,NA,"","-9.91518d","Holothuroidea","",NA,NA,"872733a2-67a3-4c54-aa76-862735a5f334",NA,"http://mczbase.mcz.harvard.edu/guid/MCZ:IZ:HOL-1009",NA,NA,"Animalia Echinodermata Holothuroidea Aspidochirotida Holothuriidae Holothuria (Platyperona) difficilis",NA,NA,NA
"1828",NA,"",NA,NA,NA,NA,NA,NA,NA,NA,NA,"","Animalia","1800-01-01/2100-01-01",NA,NA,"difficilis","7bef462e-b388-43d7-b48d-4b8bfc598cad","[no agent data], Elisabeth Deichmann","Pacific Ocean","2014-07-12T21:31:41.332Z",NA,"",NA,"",NA,"",NA,"HOL-1380",NA,NA,NA,NA,NA,"http://mczbase.mcz.harvard.edu/guid/MCZ:IZ:HOL-1380",1,NA,NA,"",NA,"",NA,NA,NA,NA,"PhysicalObject","PreservedSpecimen",NA,NA,NA,"","en","President and Fellows of Harvard College",NA,"MCZ:IZ:HOL-1380","",NA,NA,NA,NA,"","","Echinodermata",NA,NA,NA,NA,NA,NA,"",NA,"2013-03-25 10:06:37.0",NA,NA,NA,"Palmyra Island",NA,"ICZN",NA,"",NA,"",NA,"",NA,"",NA,NA,NA,NA,NA,NA,NA,"",NA,NA,NA,"",NA,NA,"not applicable",NA,"Holothuriidae",NA,"",NA,"",NA,NA,"7bef462e-b388-43d7-b48d-4b8bfc598cad",NA,NA,NA,NA,NA,NA,NA,"Museum of Comparative Zoology, Harvard University",NA,"",NA,NA,NA,NA,NA,0,NA,"Pacific Ocean, Pacific, Eastern Central",NA,"",NA,NA,NA,NA,NA,NA,NA,NA,NA,NA,NA,NA,"unknown",NA,"whole animal (70% ethanol)","IZ","","",NA,NA,NA,NA,"[no agent data]",NA,NA,NA,NA,NA,"","Holothuria (Platyperona) difficilis",NA,NA,NA,NA,NA,"Holothuria","c9d18e5094d3753e6e02e6c1a6c762b0d5a3929a","MCZ",NA,NA,"",NA,NA,"","b4640710-8e03-11d8-b956-b8a03c50a862",NA,NA,NA,NA,NA,"",NA,"Aspidochirotida",NA,NA,"Semper, 1868",NA,NA,"","","Holothuroidea","",NA,NA,"872733a2-67a3-4c54-aa76-862735a5f334",NA,"http://mczbase.mcz.harvard.edu/guid/MCZ:IZ:HOL-1380",NA,NA,"Animalia Echinodermata Holothuroidea Aspidochirotida Holothuriidae Holothuria (Platyperona) difficilis",NA,NA,NA
"2058",NA,"",NA,NA,NA,NA,NA,5.4864,NA,NA,NA,"","Animalia","1938-03-02",NA,NA,"difficilis","bccfad58-11de-492c-854f-8e7f8b5da0de","[no agent data]","Pacific Ocean","2014-01-11T07:01:43.830Z",NA,"",NA,"",NA,"",NA,"HOL-1886",NA,NA,NA,NA,NA,"http://mczbase.mcz.harvard.edu/guid/MCZ:IZ:HOL-1886",1,NA,NA,"",NA,"",NA,NA,NA,NA,"PhysicalObject","PreservedSpecimen",NA,NA,NA,"","en","President and Fellows of Harvard College",NA,"MCZ:IZ:HOL-1886","",NA,NA,NA,NA,"","","Echinodermata",NA,NA,NA,NA,NA,NA,"",NA,"2013-03-25 13:02:39.0",NA,NA,NA,"Panama: Secas Island",NA,"ICZN",NA,"",NA,"",NA,"",NA,"",NA,NA,NA,NA,NA,NA,NA,"",NA,NA,NA,"station number=867-38",5.4864,NA,"not applicable",NA,"Holothuriidae",NA,"",NA,"",NA,NA,"bccfad58-11de-492c-854f-8e7f8b5da0de",NA,NA,NA,NA,NA,NA,NA,"Museum of Comparative Zoology, Harvard University",NA,"",NA,NA,NA,NA,NA,0,NA,"Pacific Ocean, Pacific, Eastern Central",NA,"",NA,NA,NA,NA,NA,NA,NA,NA,NA,NA,NA,NA,"March 2, 1938",NA,"whole animal (70% ethanol)","IZ","","",NA,NA,NA,NA,"RV Velero III, Hancock Pacific Expeditions",NA,NA,NA,NA,NA,"","Holothuria (Platyperona) difficilis",NA,NA,NA,NA,NA,"Holothuria","802db8f3e8916b1b75b110fcf5deda1294490274","MCZ",NA,NA,"",NA,NA,"","b4640710-8e03-11d8-b956-b8a03c50a862",NA,NA,NA,NA,NA,"",NA,"Aspidochirotida",NA,NA,"Semper, 1868",NA,NA,"","","Holothuroidea","",NA,NA,"872733a2-67a3-4c54-aa76-862735a5f334",NA,"http://mczbase.mcz.harvard.edu/guid/MCZ:IZ:HOL-1886",NA,NA,"Animalia Echinodermata Holothuroidea Aspidochirotida Holothuriidae Holothuria (Platyperona) difficilis",NA,NA,NA
"2071",NA,"",NA,NA,NA,NA,NA,NA,NA,NA,NA,"","Animalia","1700-01-01/2100-12-31",NA,NA,"difficilis","f24ee62e-5337-42fe-8a91-1c2edb33a23e","Hubert Lyman Clark, [no agent data], Elisabeth Deichmann","Pacific Ocean","2014-07-12T16:01:11.387Z",NA,"",NA,"",NA,"",NA,"HOL-824",NA,NA,NA,NA,NA,"http://mczbase.mcz.harvard.edu/guid/MCZ:IZ:HOL-824",1,NA,NA,"",NA,"",NA,NA,NA,NA,"PhysicalObject","PreservedSpecimen",NA,NA,NA,"","en","President and Fellows of Harvard College",NA,"MCZ:IZ:HOL-824","",NA,NA,NA,NA,"","","Echinodermata",NA,NA,NA,NA,NA,NA,"",NA,"2013-03-22 14:05:50.0",NA,NA,NA,"United States, Hawaii",NA,"ICZN",NA,"",NA,"",NA,"",NA,"",NA,NA,NA,NA,NA,NA,NA,"",NA,NA,NA,"",NA,NA,"not applicable",NA,"Holothuriidae",NA,"",NA,"",NA,NA,"f24ee62e-5337-42fe-8a91-1c2edb33a23e",NA,NA,NA,NA,NA,NA,NA,"Museum of Comparative Zoology, Harvard University",NA,"",NA,NA,NA,NA,NA,0,NA,"Pacific Ocean, Pacific, Eastern Central",NA,"",NA,NA,NA,NA,NA,NA,NA,NA,NA,NA,NA,NA,"unknown",NA,"whole animal (70% ethanol)","IZ","","",NA,NA,NA,NA,"[no agent data]",NA,NA,NA,NA,NA,"","Holothuria (Platyperona) difficilis",NA,NA,NA,NA,NA,"Holothuria","967a33ac57dbe1271f8c7abd024fc77bd7b4a297","MCZ",NA,NA,"",NA,NA,"","b4640710-8e03-11d8-b956-b8a03c50a862",NA,NA,NA,NA,NA,"",NA,"Aspidochirotida",NA,NA,"Semper, 1868",NA,NA,"","","Holothuroidea","",NA,NA,"872733a2-67a3-4c54-aa76-862735a5f334",NA,"http://mczbase.mcz.harvard.edu/guid/MCZ:IZ:HOL-824",NA,NA,"Animalia Echinodermata Holothuroidea Aspidochirotida Holothuriidae Holothuria (Platyperona) difficilis",NA,NA,NA
"2105",NA,"",NA,NA,NA,NA,NA,NA,NA,NA,NA,"","Animalia","1904-12-01/1904-12-31",NA,NA,"difficilis","f8cca86b-6f53-4f4b-af73-19c129969f33","[no agent data], Elisabeth Deichmann","Pacific Ocean","2014-07-12T13:37:10.809Z",NA,"",NA,"",NA,"",NA,"HOL-1333",NA,NA,NA,NA,NA,"http://mczbase.mcz.harvard.edu/guid/MCZ:IZ:HOL-1333",1,NA,NA,"",NA,"",NA,NA,NA,NA,"PhysicalObject","PreservedSpecimen",NA,NA,NA,"","en","President and Fellows of Harvard College",NA,"MCZ:IZ:HOL-1333","",NA,NA,NA,NA,"","","Echinodermata",NA,NA,NA,NA,NA,NA,"",NA,"2013-03-25 10:02:26.0",NA,NA,NA,"Easter Island",NA,"ICZN",NA,"",NA,"",NA,"",NA,"",NA,NA,NA,NA,NA,NA,NA,"",NA,NA,NA,"",NA,NA,"not applicable",NA,"Holothuriidae",NA,"",NA,"",NA,NA,"f8cca86b-6f53-4f4b-af73-19c129969f33",NA,NA,NA,NA,NA,NA,NA,"Museum of Comparative Zoology, Harvard University",NA,"",NA,NA,NA,NA,NA,0,NA,"Pacific Ocean, Pacific, Eastern Central",NA,"",NA,NA,NA,NA,NA,NA,NA,NA,NA,NA,NA,NA,"December 1904",NA,"whole animal (70% ethanol)","IZ","","",NA,NA,NA,NA,"USFC Steamer Albatross",NA,NA,NA,NA,NA,"","Holothuria (Platyperona) difficilis",NA,NA,NA,NA,NA,"Holothuria","571709230745d525da9b830d48cc5bc03cf5dfdc","MCZ",NA,NA,"",NA,NA,"","b4640710-8e03-11d8-b956-b8a03c50a862",NA,NA,NA,NA,NA,"",NA,"Aspidochirotida",NA,NA,"Semper, 1868",NA,NA,"","","Holothuroidea","",NA,NA,"872733a2-67a3-4c54-aa76-862735a5f334",NA,"http://mczbase.mcz.harvard.edu/guid/MCZ:IZ:HOL-1333",NA,NA,"Animalia Echinodermata Holothuroidea Aspidochirotida Holothuriidae Holothuria (Platyperona) difficilis",NA,NA,NA
"2346",NA,"",NA,NA,NA,NA,NA,NA,NA,NA,NA,"","Animalia","1938-01-21",NA,NA,"difficilis","89f33bc1-5b83-4566-adc1-73a4c80083d6","[no agent data]","Pacific Ocean","2014-01-11T00:12:53.018Z",NA,"",NA,"",NA,"",NA,"HOL-1885",NA,NA,NA,NA,NA,"http://mczbase.mcz.harvard.edu/guid/MCZ:IZ:HOL-1885",1,NA,NA,"",NA,"",NA,NA,NA,NA,"PhysicalObject","PreservedSpecimen",NA,NA,NA,"","en","President and Fellows of Harvard College",NA,"MCZ:IZ:HOL-1885","",NA,NA,NA,NA,"","","Echinodermata",NA,NA,NA,NA,NA,NA,"",NA,"2013-03-25 13:02:38.0",NA,NA,NA,"Ecuador: Galapagos, James Island; Sulivan Bay",NA,"ICZN",NA,"",NA,"",NA,"",NA,"",NA,NA,NA,NA,NA,NA,NA,"",NA,NA,NA,"station number=796-38",NA,NA,"not applicable",NA,"Holothuriidae",NA,"",NA,"",NA,NA,"89f33bc1-5b83-4566-adc1-73a4c80083d6",NA,NA,NA,NA,NA,NA,NA,"Museum of Comparative Zoology, Harvard University",NA,"",NA,NA,NA,NA,NA,0,NA,"Pacific Ocean, Pacific, Southeast",NA,"",NA,NA,NA,NA,NA,NA,NA,NA,NA,NA,NA,NA,"January 21, 1938",NA,"whole animal (70% ethanol)","IZ","","",NA,NA,NA,NA,"RV Velero III, Hancock Pacific Expeditions",NA,NA,NA,NA,NA,"","Holothuria (Platyperona) difficilis",NA,NA,NA,NA,NA,"Holothuria","d24ea2c85b21af493bb9c5219f52b9f196499769","MCZ",NA,NA,"",NA,NA,"","b4640710-8e03-11d8-b956-b8a03c50a862",NA,NA,NA,NA,NA,"",NA,"Aspidochirotida",NA,NA,"Semper, 1868",NA,NA,"","","Holothuroidea","",NA,NA,"872733a2-67a3-4c54-aa76-862735a5f334",NA,"http://mczbase.mcz.harvard.edu/guid/MCZ:IZ:HOL-1885",NA,NA,"Animalia Echinodermata Holothuroidea Aspidochirotida Holothuriidae Holothuria (Platyperona) difficilis",NA,NA,NA
"2361",NA,"",NA,NA,NA,NA,NA,NA,NA,NA,NA,"","Animalia","1913-08-05",NA,NA,"difficilis","5de59752-c5ac-4d23-9224-314c4f12d415","Carl Semper, World Register of Marine Species, Hubert Lyman Clark","Pacific Ocean","2014-01-11T18:10:21.338Z",NA,"",NA,"",NA,"",NA,"HOL-1021",NA,NA,NA,NA,NA,"http://mczbase.mcz.harvard.edu/guid/MCZ:IZ:HOL-1021",1,NA,NA,"",NA,"",NA,NA,NA,NA,"PhysicalObject","PreservedSpecimen",NA,NA,NA,"","en","President and Fellows of Harvard College",NA,"MCZ:IZ:HOL-1021","NOT A TYPE - no original description published by HL Clark (specimen is in TYPE COLLECTION)",NA,NA,NA,NA,"","","Echinodermata",NA,NA,NA,NA,NA,NA,"",NA,"2012-09-25 07:54:43.0",NA,NA,NA,"Tahiti: Papeete Reef",NA,"ICZN",NA,"",NA,"",NA,"",NA,"",NA,NA,NA,NA,NA,NA,NA,"",NA,NA,NA,"other number=17",NA,NA,"not applicable",NA,"Holothuriidae",NA,"",NA,"",NA,NA,"5de59752-c5ac-4d23-9224-314c4f12d415",NA,NA,NA,NA,NA,NA,NA,"Museum of Comparative Zoology, Harvard University",NA,"",NA,NA,NA,NA,NA,0,NA,"Pacific Ocean, Pacific, Eastern Central",NA,"",NA,NA,NA,NA,NA,NA,NA,NA,NA,NA,NA,NA,"August 5, 1913",NA,"whole animal (70% ethanol)","IZ","","",NA,NA,NA,NA,"Carnegie Expedition to the Torres Strait, Hubert Lyman Clark",NA,NA,NA,NA,NA,"","Holothuria (Platyperona) difficilis",NA,NA,NA,NA,NA,"Holothuria","5cd1e005f19d9faf712efe3dbfba37c6c576eb63","MCZ",NA,NA,"",NA,NA,"","b4640710-8e03-11d8-b956-b8a03c50a862",NA,NA,NA,NA,NA,"",NA,"Aspidochirotida",NA,NA,"Semper, 1868",NA,NA,"","","Holothuroidea","",NA,NA,"872733a2-67a3-4c54-aa76-862735a5f334",NA,"http://mczbase.mcz.harvard.edu/guid/MCZ:IZ:HOL-1021",NA,NA,"Animalia Echinodermata Holothuroidea Aspidochirotida Holothuriidae Holothuria (Platyperona) difficilis",NA,NA,NA
"2370",NA,"",NA,NA,NA,NA,NA,NA,NA,NA,NA,"","Animalia","1800-01-01/2100-01-01",NA,NA,"difficilis","4125156a-9fa5-4148-87ad-a7072994c591","[no agent data]","Pacific Ocean","2014-07-12T14:59:00.849Z",NA,"",NA,"",NA,"",NA,"HOL-1347",NA,NA,NA,NA,NA,"http://mczbase.mcz.harvard.edu/guid/MCZ:IZ:HOL-1347",1,NA,NA,"",NA,"",NA,NA,NA,NA,"PhysicalObject","PreservedSpecimen",NA,NA,NA,"","en","President and Fellows of Harvard College",NA,"MCZ:IZ:HOL-1347","",NA,NA,NA,NA,"","","Echinodermata",NA,NA,NA,NA,NA,NA,"",NA,"2013-03-25 10:02:28.0",NA,NA,NA,"Palmyra Island",NA,"ICZN",NA,"",NA,"",NA,"",NA,"",NA,NA,NA,NA,NA,NA,NA,"",NA,NA,NA,"",NA,NA,"not applicable",NA,"Holothuriidae",NA,"",NA,"",NA,NA,"4125156a-9fa5-4148-87ad-a7072994c591",NA,NA,NA,NA,NA,NA,NA,"Museum of Comparative Zoology, Harvard University",NA,"",NA,NA,NA,NA,NA,0,NA,"Pacific Ocean, Pacific, Eastern Central",NA,"",NA,NA,NA,NA,NA,NA,NA,NA,NA,NA,NA,NA,"unknown",NA,"whole animal (70% ethanol)","IZ","","",NA,NA,NA,NA,"[no agent data]",NA,NA,NA,NA,NA,"","Holothuria (Platyperona) difficilis",NA,NA,NA,NA,NA,"Holothuria","cb914a9db1e7e8d6de9fd6c6bdc44570f2ee7ab1","MCZ",NA,NA,"",NA,NA,"","b4640710-8e03-11d8-b956-b8a03c50a862",NA,NA,NA,NA,NA,"",NA,"Aspidochirotida",NA,NA,"Semper, 1868",NA,NA,"","","Holothuroidea","",NA,NA,"872733a2-67a3-4c54-aa76-862735a5f334",NA,"http://mczbase.mcz.harvard.edu/guid/MCZ:IZ:HOL-1347",NA,NA,"Animalia Echinodermata Holothuroidea Aspidochirotida Holothuriidae Holothuria (Platyperona) difficilis",NA,NA,NA
"2376",NA,"",NA,NA,NA,NA,NA,NA,NA,NA,NA,"","Animalia","1933-01-24",NA,NA,"difficilis","abf8da20-b0f2-414d-b102-850002785ca3","[no agent data], Elisabeth Deichmann","Pacific Ocean","2014-07-12T19:07:05.890Z",NA,"",NA,"",NA,"",NA,"128109",NA,NA,NA,NA,NA,"http://mczbase.mcz.harvard.edu/guid/MCZ:IZ:128109",1,NA,NA,"",NA,"",NA,NA,NA,NA,"PhysicalObject","PreservedSpecimen",NA,NA,NA,"","en","President and Fellows of Harvard College",NA,"MCZ:IZ:128109","",NA,NA,NA,NA,"","","Echinodermata",NA,NA,NA,NA,NA,NA,"",NA,"2014-07-02 13:06:13.0",NA,NA,NA,"off Ecuador: Galapagos Islands, Hood Island, Gardener Bay",NA,"ICZN",NA,"465-6",NA,"",NA,"",NA,"",NA,NA,NA,NA,NA,NA,NA,"",NA,NA,NA,"collector number=465-6; original ledger number=2097 C; station number=24-33",NA,NA,"not applicable",NA,"Holothuriidae",NA,"",NA,"",NA,NA,"abf8da20-b0f2-414d-b102-850002785ca3",NA,NA,NA,NA,NA,NA,NA,"Museum of Comparative Zoology, Harvard University",NA,"",NA,NA,NA,NA,NA,0,NA,"Pacific Ocean, Pacific, Eastern Central",NA,"",NA,NA,NA,NA,NA,NA,NA,NA,NA,NA,NA,NA,"January 24, 1933",NA,"whole animal (70% ethanol)","IZ","","",NA,NA,NA,NA,"RV Velero III, Hancock Pacific Expeditions",NA,NA,NA,NA,NA,"","Holothuria (Platyperona) difficilis",NA,NA,NA,NA,NA,"Holothuria","f4c316744081df29d32ae21bad7fb3df915c4619","MCZ",NA,NA,"",NA,NA,"","b4640710-8e03-11d8-b956-b8a03c50a862",NA,NA,NA,NA,NA,"",NA,"Aspidochirotida",NA,NA,"Semper, 1868",NA,NA,"","","Holothuroidea","",NA,NA,"872733a2-67a3-4c54-aa76-862735a5f334",NA,"http://mczbase.mcz.harvard.edu/guid/MCZ:IZ:128109",NA,NA,"Animalia Echinodermata Holothuroidea Aspidochirotida Holothuriidae Holothuria (Platyperona) difficilis",NA,NA,NA
"2382",NA,"",NA,NA,NA,NA,NA,NA,NA,NA,NA,"","Animalia","1935-02-04",NA,NA,"difficilis","96e8541f-7f39-4b04-a024-ec36c99b56ad","[no agent data], Elisabeth Deichmann","Pacific Ocean","2014-07-12T22:54:02.010Z",NA,"",NA,"",NA,"",NA,"128111",NA,NA,NA,NA,NA,"http://mczbase.mcz.harvard.edu/guid/MCZ:IZ:128111",1,NA,NA,"",NA,"",NA,NA,NA,NA,"PhysicalObject","PreservedSpecimen",NA,NA,NA,"","en","President and Fellows of Harvard College",NA,"MCZ:IZ:128111","",NA,NA,NA,NA,"","","Echinodermata",NA,NA,NA,NA,NA,NA,"",NA,"2014-07-02 13:06:13.0",NA,NA,NA,"off Panama: Secas Island",NA,"ICZN",NA,"465-8",NA,"",NA,"",NA,"",NA,NA,NA,NA,NA,NA,NA,"",NA,NA,NA,"collector number=465-8; original ledger number=2097 E; station number=477-35",NA,NA,"not applicable",NA,"Holothuriidae",NA,"",NA,"",NA,NA,"96e8541f-7f39-4b04-a024-ec36c99b56ad",NA,NA,NA,NA,NA,NA,NA,"Museum of Comparative Zoology, Harvard University",NA,"",NA,NA,NA,NA,NA,0,NA,"Pacific Ocean, Pacific, Eastern Central",NA,"",NA,NA,NA,NA,NA,NA,NA,NA,NA,NA,NA,NA,"February 4, 1935",NA,"whole animal (70% ethanol)","IZ","","",NA,NA,NA,NA,"RV Velero III, Hancock Pacific Expeditions",NA,NA,NA,NA,NA,"","Holothuria (Platyperona) difficilis",NA,NA,NA,NA,NA,"Holothuria","a4a72025435d03a69a7969e2dcd580e686926db5","MCZ",NA,NA,"",NA,NA,"","b4640710-8e03-11d8-b956-b8a03c50a862",NA,NA,NA,NA,NA,"",NA,"Aspidochirotida",NA,NA,"Semper, 1868",NA,NA,"","","Holothuroidea","",NA,NA,"872733a2-67a3-4c54-aa76-862735a5f334",NA,"http://mczbase.mcz.harvard.edu/guid/MCZ:IZ:128111",NA,NA,"Animalia Echinodermata Holothuroidea Aspidochirotida Holothuriidae Holothuria (Platyperona) difficilis",NA,NA,NA
"2412",NA,"",NA,NA,NA,NA,NA,9.144,NA,NA,NA,"","Animalia","1934-02-25",NA,NA,"difficilis","adfd6eed-c6ba-417f-ab31-08fb2f1a6305","[no agent data], Elisabeth Deichmann","Pacific Ocean","2014-07-12T22:00:45.067Z",NA,"",NA,"",NA,"",NA,"HOL-2097",NA,NA,NA,NA,NA,"http://mczbase.mcz.harvard.edu/guid/MCZ:IZ:HOL-2097",1,NA,NA,"",NA,"",NA,NA,NA,NA,"PhysicalObject","PreservedSpecimen",NA,NA,NA,"","en","President and Fellows of Harvard College",NA,"MCZ:IZ:HOL-2097","",NA,NA,NA,NA,"","","Echinodermata",NA,NA,NA,NA,NA,NA,"",NA,"2014-07-02 13:06:13.0",NA,NA,NA,"off Costa Rica, Puerto Culebra",NA,"ICZN",NA,"465-9",NA,"",NA,"",NA,"",NA,NA,NA,NA,NA,NA,NA,"",NA,NA,NA,"collector number=465-9; original ledger number=2097 A; station number=257-34",3.6576,NA,"not applicable",NA,"Holothuriidae",NA,"",NA,"",NA,NA,"adfd6eed-c6ba-417f-ab31-08fb2f1a6305",NA,NA,NA,NA,NA,NA,NA,"Museum of Comparative Zoology, Harvard University",NA,"",NA,NA,NA,NA,NA,0,NA,"Pacific Ocean, Pacific, Eastern Central",NA,"",NA,NA,NA,NA,NA,NA,NA,NA,NA,NA,NA,NA,"February 25, 1934",NA,"whole animal (70% ethanol)","IZ","","",NA,NA,NA,NA,"RV Velero III, Hancock Pacific Expeditions",NA,NA,NA,NA,NA,"","Holothuria (Platyperona) difficilis",NA,NA,NA,NA,NA,"Holothuria","8c436647deea8819f08536ea431e95541b9911ca","MCZ",NA,NA,"",NA,NA,"","b4640710-8e03-11d8-b956-b8a03c50a862",NA,NA,NA,NA,NA,"",NA,"Aspidochirotida",NA,NA,"Semper, 1868",NA,NA,"","","Holothuroidea","",NA,NA,"872733a2-67a3-4c54-aa76-862735a5f334",NA,"http://mczbase.mcz.harvard.edu/guid/MCZ:IZ:HOL-2097",NA,NA,"Animalia Echinodermata Holothuroidea Aspidochirotida Holothuriidae Holothuria (Platyperona) difficilis",NA,NA,NA
"2711",NA,"",NA,NA,NA,NA,NA,NA,NA,NA,NA,"","Animalia","1800-01-01/2000-01-01",NA,NA,"difficilis","0e3d8bef-73e4-46b5-b850-5b04eafc14d0","[no agent data], Elisabeth Deichmann","Pacific Ocean","2014-07-12T19:53:38.328Z",NA,"",NA,"",NA,"",NA,"HOL-1381",NA,NA,NA,NA,NA,"http://mczbase.mcz.harvard.edu/guid/MCZ:IZ:HOL-1381",1,NA,NA,"",NA,"",NA,NA,NA,NA,"PhysicalObject","PreservedSpecimen",NA,NA,NA,"","en","President and Fellows of Harvard College",NA,"MCZ:IZ:HOL-1381","",NA,NA,NA,NA,"","","Echinodermata",NA,NA,NA,NA,NA,NA,"",NA,"2013-03-25 10:06:37.0",NA,NA,NA,"Wake Island",NA,"ICZN",NA,"314",NA,"",NA,"",NA,"",NA,NA,NA,NA,NA,NA,NA,"",NA,NA,NA,"collector number=314",NA,NA,"not applicable",NA,"Holothuriidae",NA,"",NA,"",NA,NA,"0e3d8bef-73e4-46b5-b850-5b04eafc14d0",NA,NA,NA,NA,NA,NA,NA,"Museum of Comparative Zoology, Harvard University",NA,"",NA,NA,NA,NA,NA,0,NA,"Pacific Ocean, Pacific, Western Central",NA,"",NA,NA,NA,NA,NA,NA,NA,NA,NA,NA,NA,NA,"unknown",NA,"whole animal (70% ethanol)","IZ","","",NA,NA,NA,NA,"[no agent data]",NA,NA,NA,NA,NA,"","Holothuria (Platyperona) difficilis",NA,NA,NA,NA,NA,"Holothuria","757095f1a0ed099cef015d8a8c594e7b5aea3fe1","MCZ",NA,NA,"",NA,NA,"","b4640710-8e03-11d8-b956-b8a03c50a862",NA,NA,NA,NA,NA,"",NA,"Aspidochirotida",NA,NA,"Semper, 1868",NA,NA,"","","Holothuroidea","",NA,NA,"872733a2-67a3-4c54-aa76-862735a5f334",NA,"http://mczbase.mcz.harvard.edu/guid/MCZ:IZ:HOL-1381",NA,NA,"Animalia Echinodermata Holothuroidea Aspidochirotida Holothuriidae Holothuria (Platyperona) difficilis",NA,NA,NA
"2717",NA,"",NA,NA,NA,NA,NA,NA,NA,NA,NA,"","Animalia","1934-01-01/1934-12-31",NA,NA,"difficilis","9026746a-b218-4fee-9898-d25e68179d37","[no agent data], Elisabeth Deichmann","Pacific Ocean","2014-07-12T17:48:35.927Z",NA,"",NA,"",NA,"",NA,"128110",NA,NA,NA,NA,NA,"http://mczbase.mcz.harvard.edu/guid/MCZ:IZ:128110",1,NA,NA,"",NA,"",NA,NA,NA,NA,"PhysicalObject","PreservedSpecimen",NA,NA,NA,"","en","President and Fellows of Harvard College",NA,"MCZ:IZ:128110","",NA,NA,NA,NA,"","","Echinodermata",NA,NA,NA,NA,NA,NA,"",NA,"2014-07-02 13:06:13.0",NA,NA,NA,"off Ecuador: Galapagos Islands, end of Albemarle Is.",NA,"ICZN",NA,"465-3",NA,"",NA,"",NA,"",NA,NA,NA,NA,NA,NA,NA,"",NA,NA,NA,"collector number=465-3; original ledger number=2097 D; station number=146-34",NA,NA,"not applicable",NA,"Holothuriidae",NA,"",NA,"",NA,NA,"9026746a-b218-4fee-9898-d25e68179d37",NA,NA,NA,NA,NA,NA,NA,"Museum of Comparative Zoology, Harvard University",NA,"",NA,NA,NA,NA,NA,0,NA,"Pacific Ocean, Pacific, Eastern Central",NA,"",NA,NA,NA,NA,NA,NA,NA,NA,NA,NA,NA,NA,"January 12, 1934",NA,"whole animal (70% ethanol)","IZ","","",NA,NA,NA,NA,"RV Velero III, Hancock Pacific Expeditions",NA,NA,NA,NA,NA,"","Holothuria (Platyperona) difficilis",NA,NA,NA,NA,NA,"Holothuria","5947fbd3660619caacc9fcbec5b761d967169256","MCZ",NA,NA,"",NA,NA,"","b4640710-8e03-11d8-b956-b8a03c50a862",NA,NA,NA,NA,NA,"",NA,"Aspidochirotida",NA,NA,"Semper, 1868",NA,NA,"","","Holothuroidea","",NA,NA,"872733a2-67a3-4c54-aa76-862735a5f334",NA,"http://mczbase.mcz.harvard.edu/guid/MCZ:IZ:128110",NA,NA,"Animalia Echinodermata Holothuroidea Aspidochirotida Holothuriidae Holothuria (Platyperona) difficilis",NA,NA,NA
