"","dwc.scientificName","dwc.bed","dwc.habitat","idigbio.hostFamily","dwc.georeferencedBy","dwc.order","idigbio.substrate","inhs.juv_males","inhs.superfamily","dwc.day","dwc.dynamicProperties","idigbio.associateAuthor","symbiota.verbatimScientificName","inhs.formII_males","dwc.earliestAgeOrLowestStage","dwc.dataGeneralizations","dwc.verbatimLatitude","idigbio.barcodeValue","idigbio.preparationCount","dwc.georeferenceRemarks","dwc.countryCode","dwc.municipality","dwc.verbatimDepth","idigbio.version","inhs.total_Males","inhs.juv_undetermined","dwc.verbatimLongitude","inhs.location_Stream","dwc.fieldNotes","inhs.formI_males","dwc.establishmentMeans","idigbio.associateIdentifier","dwc.lifeStage","dwc.nameAccordingTo","http...symbiota.org.terms.verbatimScientificName","dwc.typeStatus","dwc.verbatimSRS","dwc.samplingEffort","dwc.minimumElevationInMeters","dwc.namePublishedInID","idigbio.associateCondition","dwc.family","dwc.associatedReferences","idigbio.tribe","dwc.identificationID","dcterms.language","inhs.vouchered","dwc.identificationReferences","dwc.occurrenceID","dwc.vernacularName","inhs.dead","dwc.namePublishedIn","dwc.institutionID","dwc.verbatimCoordinates","dwc.associatedTaxa","dwc.eventDate","dwc.endDayOfYear","dwc.kingdom","dwc.VerbatimEventDate","dwc.scientificNameAuthorship","dwc.island","dwc.disposition","dwc.lithostratigraphicTerms","dwc.month","dwc.decimalLongitude","dwc.coordinateUncertaintyInMeters","dwc.verbatimLocality","dwc.startDayOfYear","dwc.locationAccordingTo","dwc.recordedBy","dwc.continent","dwc.latestEpochOrHighestSeries","inhs.instars_Female","dwc.identificationRemarks","dwc.earliestEraOrLowestErathem","dwc.identificationQualifier","inhs.location_RiverMile","inhs.formII_females","inhs.relic","dwc.associatedMedia","fcc.subfamily","idigbio.createdBy","dwc.taxonID","dwc.verbatimEventDate","dwc.georeferenceVerificationStatus","dwc.reproductiveCondition","idigbio.recordIds","dwc.basisOfRecord","dcterms.bibliographicCitation","dwc.footprintWKT","fcc.datePicked","dcterms.accessRights","inhs.live","idigbio.subfamily","dwc.preparation","dwc.eventRemarks","dwc.latestEraOrHighestErathem","dwc.class","dwc.nomenclaturalCode","dwc.rights","dwc.maximumElevationInMeters","dwc.specificEpithet","dwc.preparations","idigbio.associatedFamily","idigbio.etag","dwc.occurrenceRemarks","fcc.pickedBy","dcterms.modified","dwc.sex","idigbio.recordId","dwc.individualID","dwc.georeferenceSources","dcterms.rights","dwc.locality","dwc.relatedResourceID","dwc.rightsHolder","idigbio.uuid","id","dwc.behavior","dwc.verbatimElevation","dwc.group","dwc.formation","dwc.subgenus","dwc.ownerInstitutionCode","inhs.location_Basin","dwc.accessRights","dwc.genus","dwc.taxonRank","idigbio.associatedRelationship","dcterms.type","dcterms.source","dwc.islandGroup","dwc.earliestEpochOrLowestSeries","dwc.collectionID","dwc.eventID","fcc.superfamily","dwc.waterBody","dwc.individualCount","dwc.phylum","inhs.instars_Male","dwc.coordinatePrecision","dwc.georeferenceProtocol","dwc.datasetID","idigbio.associateRelationship","dwc.lowestBiostratigraphicZone","idigbio.associateCommonName","idigbio.associateNotes","idigbio.preservative","idigbio.dateModified","row.number","dwc.collectionCode","dwc.member","dwc.latestAgeOrHighestStage","dwc.stateProvince","inhs.total_females","dcterms.rightsHolder","dwc.previousIdentifications","dwc.higherClassification","dwc.dateIdentified","dwc.associatedSequences","dwc.higherGeography","inhs.juv_females","dwc.occurrenceStatus","idigbio.determinationHistory","dwc.earliestPeriodOrLowestSystem","idigbio.associateDeterminedBy","dwc.associatedOccurrences","dwc.eventTime","dwc.locationID","symbiotaverbatimScientificName","dwc.datasetName","dwc.locationRemarks","dwc.geodeticDatum","dwc.year","idigbio.endangeredStatus","dwc.georeferencedDate","dwc.taxonRemarks","dwc.infraspecificEpithet","dwc.otherCatalogNumbers","idigbio.subgenus","dwc.verbatimCoordinateSystem","inhs.locationTrs","dwc.identificationVerificationStatus","dwc.latestPeriodOrHighestSystem","dwc.recordNumber","dwc.catalogNumber","dwc.samplingProtocol","dwc.maximumDepthInMeters","dwc.institutionCode","dwc.nomenclaturalStatus","dwc.country","dwc.minimumDepthInMeters","dwc.originalNameUsage","dwc.county","dcterms.references","idigbio.recordID","dwc.informationWithheld","dwc.verbatimTaxonRank","dwc.fieldNumber","dwc.scientificNameID","dwc.identifiedBy","dwc.decimalLatitude","dcterms.reference"
"117","Holothuria rigida",NA,"",NA,"","Aspidochirotida",NA,NA,NA,27,"",NA,NA,NA,NA,NA,"",NA,NA,"",NA,NA,"",NA,NA,NA,"",NA,NA,NA,NA,NA,NA,NA,NA,"",NA,NA,NA,NA,NA,"Holothuriidae","",NA,NA,"",NA,NA,"2E8AD4AD-9BCD-4796-B008-F847B3148353",NA,NA,NA,"","",NA,"",NA,"",NA,"Selenka",NA,"",NA,3,NA,NA,NA,NA,NA,"Cory Pittman","",NA,NA,"",NA,NA,NA,NA,NA,"",NA,"872733a2-67a3-4c54-aa76-862735a5f334",NA,"",NA,NA,NA,"PreservedSpecimen",NA,NA,NA,NA,NA,NA,NA,"",NA,"Holothuroidea","",NA,NA,"rigida","",NA,"8d6ff5fccb523e7427cd3377148086609ff212ff",NA,NA,"09/08/2014","",NA,NA,"",NA,"",NA,NA,"c34b79ff-3c5f-4e3d-b393-18bf1764de8d","c34b79ff-3c5f-4e3d-b393-18bf1764de8d",NA,NA,NA,NA,NA,"",NA,NA,"Holothuria",NA,NA,"",NA,NA,NA,NA,NA,NA,"",NA,"",NA,NA,"",NA,NA,NA,NA,NA,NA,"2014-09-12T14:12:03.462Z",NA,"Invertebrate Zoology",NA,NA,"Hawaiian Islands",NA,"",NA,"","",NA,"",NA,NA,NA,NA,NA,"",NA,"Pittman-1140327.1",NA,NA,"","",2014,NA,NA,NA,"","",NA,"",NA,"",NA,"","16127-Echinodermata","",NA,"FLMNH",NA,"USA",NA,NA,"Maui Island","",NA,NA,NA,"",NA,"",NA,NA
"523","Holothuria rigida",NA,"",NA,"","Aspidochirotida",NA,NA,NA,22,"",NA,NA,NA,NA,NA,"",NA,NA,"",NA,NA,"",NA,NA,NA,"",NA,NA,NA,NA,NA,NA,NA,NA,"",NA,NA,NA,NA,NA,"Holothuriidae","",NA,NA,"",NA,NA,"5E9DF00A-9472-435A-97EF-8E51F09158DA",NA,NA,NA,"","",NA,"",NA,"",NA,"Selenka",NA,"",NA,11,145.799164,NA,NA,NA,NA,"Frederik Leliaert, Zdenek Duris, Arthur Anker, Jessica Goodheart","",NA,NA,"",NA,NA,NA,NA,NA,"",NA,"872733a2-67a3-4c54-aa76-862735a5f334",NA,"",NA,NA,NA,"PreservedSpecimen",NA,NA,NA,NA,NA,NA,NA,"",NA,"Holothuroidea","",NA,NA,"rigida","",NA,"50f7565b78ea6479e0ff7a0672beb2917bbd6731",NA,NA,"09/08/2014","",NA,NA,"",NA,"",NA,NA,"1e3f2fc6-7b80-4568-babc-dd88de409d92","1e3f2fc6-7b80-4568-babc-dd88de409d92",NA,NA,NA,NA,NA,"",NA,NA,"Holothuria",NA,NA,"",NA,NA,NA,NA,NA,NA,"",NA,"",NA,NA,"",NA,NA,NA,NA,NA,NA,"2014-09-12T13:32:27.071Z",NA,"Invertebrate Zoology",NA,NA,"Madang Province",NA,"",NA,"","",NA,"",NA,NA,NA,NA,NA,"",NA,"PR81",NA,NA,"","",2012,NA,NA,NA,"","",NA,"",NA,"",NA,"","15467-Echinodermata","",NA,"FLMNH",NA,"Papua New Guinea",NA,NA,"","",NA,NA,NA,"",NA,"",-5.026834,NA
"532","Holothuria rigida",NA,"",NA,"","Aspidochirotida",NA,NA,NA,3,"",NA,NA,NA,NA,NA,"",NA,NA,"",NA,NA,"",NA,NA,NA,"",NA,NA,NA,NA,NA,NA,NA,NA,"",NA,NA,NA,NA,NA,"Holothuriidae","",NA,NA,"",NA,NA,"65C1C942-653F-42FD-A07A-6F36431A1BEB",NA,NA,NA,"","",NA,"",NA,"",NA,"Selenka",NA,"",NA,7,NA,NA,NA,NA,NA,"","",NA,NA,"",NA,NA,NA,NA,NA,"",NA,"872733a2-67a3-4c54-aa76-862735a5f334",NA,"",NA,NA,NA,"PreservedSpecimen",NA,NA,NA,NA,NA,NA,NA,"",NA,"Holothuroidea","",NA,NA,"rigida","",NA,"46575b3684e5270175b6b10f0b9f2594d791b837",NA,NA,"09/08/2014","",NA,NA,"",NA,"",NA,NA,"75d14582-d69b-4fab-ad46-4292bad025dc","75d14582-d69b-4fab-ad46-4292bad025dc",NA,NA,NA,NA,NA,"",NA,NA,"Holothuria",NA,NA,"",NA,NA,NA,NA,NA,NA,"",NA,"",NA,NA,"",NA,NA,NA,NA,NA,NA,"2014-09-12T17:20:56.206Z",NA,"Invertebrate Zoology",NA,NA,"Fiji Islands",NA,"",NA,"","",NA,"",NA,NA,NA,NA,NA,"",NA,"BFIJI-372B",NA,NA,"","",1988,NA,NA,NA,"","",NA,"",NA,"",NA,"","2007-Echinodermata","",NA,"FLMNH",NA,"Fiji",NA,NA,"Viti Levu Island","",NA,NA,NA,"",NA,"",NA,NA
"540","Holothuria rigida",NA,"",NA,"","Aspidochirotida",NA,NA,NA,1,"",NA,NA,NA,NA,NA,"",NA,NA,"",NA,NA,"",NA,NA,NA,"",NA,NA,NA,NA,NA,NA,NA,NA,"",NA,NA,NA,NA,NA,"Holothuriidae","",NA,NA,"",NA,NA,"F26894FE-D423-4D88-AB9E-C18006361C7B",NA,NA,NA,"","",NA,"",NA,"",NA,"Selenka",NA,"",NA,1,NA,NA,NA,NA,NA,"Paulay, G.","",NA,NA,"",NA,NA,NA,NA,NA,"",NA,"872733a2-67a3-4c54-aa76-862735a5f334",NA,"",NA,NA,NA,"PreservedSpecimen",NA,NA,NA,NA,NA,NA,NA,"",NA,"Holothuroidea","",NA,NA,"rigida","",NA,"d9e112f5c7500780463d21f7f9e3db125cefa0dc",NA,NA,"09/08/2014","",NA,NA,"",NA,"",NA,NA,"28c5e2f0-8491-4114-bd72-f74304279627","28c5e2f0-8491-4114-bd72-f74304279627",NA,NA,NA,NA,NA,"",NA,NA,"Holothuria",NA,NA,"",NA,NA,NA,NA,NA,NA,"",NA,"",NA,NA,"",NA,NA,NA,NA,NA,NA,"2014-09-12T18:19:20.131Z",NA,"Invertebrate Zoology",NA,NA,"New Caledonia",NA,"",NA,"","",NA,"",NA,NA,NA,NA,NA,"",NA,"BNEC-001",NA,NA,"","",1999,NA,NA,NA,"","",NA,"",NA,"",NA,"","980-Echinodermata","",NA,"FLMNH",NA,"New Caledonia",NA,NA,"","",NA,NA,NA,"",NA,"",NA,NA
"544","Holothuria rigida",NA,"",NA,"","Aspidochirotida",NA,NA,NA,6,"",NA,NA,NA,NA,NA,"",NA,NA,"",NA,NA,"",NA,NA,NA,"",NA,NA,NA,NA,NA,NA,NA,NA,"",NA,NA,NA,NA,NA,"Holothuriidae","",NA,NA,"",NA,NA,"C4F72250-E5C2-4201-8895-22E7FAF01A4F",NA,NA,NA,"","",NA,"",NA,"",NA,"Selenka",NA,"",NA,12,-149.83972,NA,NA,NA,NA,"Sarah McPherson, Kristine White, Sharein El-Tourky, Gustav Paulay, Seabird McKeon, Chris Meyer,","",NA,NA,"",NA,NA,NA,NA,NA,"",NA,"872733a2-67a3-4c54-aa76-862735a5f334",NA,"",NA,NA,NA,"PreservedSpecimen",NA,NA,NA,NA,NA,NA,NA,"",NA,"Holothuroidea","",NA,NA,"rigida","",NA,"d3feab8f90ffca6d9953afb42df2362004275177",NA,NA,"09/08/2014","",NA,NA,"",NA,"",NA,NA,"7cd1da3d-0030-485b-8a2d-1bc5ddb99c6c","7cd1da3d-0030-485b-8a2d-1bc5ddb99c6c",NA,NA,NA,NA,NA,"",NA,NA,"Holothuria",NA,NA,"",NA,NA,NA,NA,NA,NA,"",NA,"",NA,NA,"",NA,NA,NA,NA,NA,NA,"2014-09-12T18:11:47.439Z",NA,"Invertebrate Zoology",NA,NA,"Society Islands",NA,"",NA,"","",NA,"",NA,NA,NA,NA,NA,"",NA,"BIZ-237",NA,NA,"","",2009,NA,NA,NA,"","",NA,"",NA,"",NA,"","9867-Echinodermata","",NA,"FLMNH",NA,"French Polynesia",NA,NA,"Moorea Island","",NA,NA,NA,"",NA,"",-17.59026,NA
"567","Holothuria rigida",NA,"",NA,"","Aspidochirotida",NA,NA,NA,23,"",NA,NA,NA,NA,NA,"",NA,NA,"",NA,NA,"",NA,NA,NA,"",NA,NA,NA,NA,NA,NA,NA,NA,"",NA,NA,NA,NA,NA,"Holothuriidae","",NA,NA,"",NA,NA,"4E6392D9-4142-4082-A515-5FA5CA38DF83",NA,NA,NA,"","",NA,"",NA,"",NA,"Selenka",NA,"",NA,10,-166.2602,NA,NA,NA,NA,"Gustav Paulay, Sea McKeon, Andy Collins, John Starmer, Jim Maragos, Cory Pittman & Russell Moffitt","",NA,NA,"",NA,NA,NA,NA,NA,"",NA,"872733a2-67a3-4c54-aa76-862735a5f334",NA,"",NA,NA,NA,"PreservedSpecimen",NA,NA,NA,NA,NA,NA,NA,"",NA,"Holothuroidea","",NA,NA,"rigida","",NA,"6eca8f38eda559cd4a9ab2ac0e8a2832c03c9edf",NA,NA,"09/08/2014","",NA,NA,"",NA,"",NA,NA,"442c08a0-d901-4109-ae75-56ad55a3e385","442c08a0-d901-4109-ae75-56ad55a3e385",NA,NA,NA,NA,NA,"",NA,NA,"Holothuria",NA,NA,"",NA,NA,NA,NA,NA,NA,"",NA,"",NA,NA,"",NA,NA,NA,NA,NA,NA,"2014-09-12T15:15:43.519Z",NA,"Invertebrate Zoology",NA,NA,"Hawaiian Islands",NA,"",NA,"","",NA,"",NA,NA,NA,NA,NA,"",NA,"FFS-0168",NA,NA,"","",2006,NA,NA,NA,"","",NA,"",NA,"",NA,"","6232-Echinodermata","",NA,"FLMNH",NA,"USA",NA,NA,"French Frigate Shoals","",NA,NA,NA,"",NA,"",23.7683,NA
"678","Holothuria rigida",NA,"",NA,"","Aspidochirotida",NA,NA,NA,15,"",NA,NA,NA,NA,NA,"",NA,NA,"",NA,NA,"",NA,NA,NA,"",NA,NA,NA,NA,NA,NA,NA,NA,"",NA,NA,NA,NA,NA,"Holothuriidae","",NA,NA,"",NA,NA,"25A706DE-E7A6-4FEA-B2DC-343AE134B073",NA,NA,NA,"","",NA,"",NA,"",NA,"Selenka",NA,"",NA,11,145.798438,NA,NA,NA,NA,"Yasunori Kano, Pierre Lozouet, John Slapcinsky, Timea Neusser, Bastian Brenzinger, Audrey Espalieu, Ken Ganzik, Dave Anan, Graham Kaina, Mande Holford","",NA,NA,"",NA,NA,NA,NA,NA,"",NA,"872733a2-67a3-4c54-aa76-862735a5f334",NA,"",NA,NA,NA,"PreservedSpecimen",NA,NA,NA,NA,NA,NA,NA,"",NA,"Holothuroidea","",NA,NA,"rigida","",NA,"a56df0b9faad58b8d516a77a6b821520a73dce23",NA,NA,"09/08/2014","",NA,NA,"",NA,"",NA,NA,"f7dade91-66be-42ad-b63f-f0aa032c6b4f","f7dade91-66be-42ad-b63f-f0aa032c6b4f",NA,NA,NA,NA,NA,"",NA,NA,"Holothuria",NA,NA,"",NA,NA,NA,NA,NA,NA,"",NA,"",NA,NA,"",NA,NA,NA,NA,NA,NA,"2014-09-12T12:43:40.214Z",NA,"Invertebrate Zoology",NA,NA,"Madang Province",NA,"",NA,"","",NA,"",NA,NA,NA,NA,NA,"",NA,"PM25",NA,NA,"","",2012,NA,NA,NA,"","",NA,"",NA,"",NA,"","15189-Echinodermata","",NA,"FLMNH",NA,"Papua New Guinea",NA,NA,"","",NA,NA,NA,"",NA,"",-5.019131,NA
"720","Holothuria rigida",NA,"",NA,"","Aspidochirotida",NA,NA,NA,2,"",NA,NA,NA,NA,NA,"",NA,NA,"",NA,NA,"",NA,NA,NA,"",NA,NA,NA,NA,NA,NA,NA,NA,"",NA,NA,NA,NA,NA,"Holothuriidae","",NA,NA,"",NA,NA,"A3E5F0DB-CFB8-4CCB-AA2F-E537158F00AD",NA,NA,NA,"","",NA,"",NA,"",NA,"Selenka",NA,"",NA,10,-114.8205,NA,NA,NA,NA,"T. A. Ebert","",NA,NA,"",NA,NA,NA,NA,NA,"",NA,"872733a2-67a3-4c54-aa76-862735a5f334",NA,"",NA,NA,NA,"PreservedSpecimen",NA,NA,NA,NA,NA,NA,NA,"",NA,"Holothuroidea","",NA,NA,"rigida","",NA,"a3e260643872ac0b40f78e8f6ced13171f91c593",NA,NA,"09/08/2014","",NA,NA,"",NA,"",NA,NA,"04dbc445-7f03-4355-873c-501226297c18","04dbc445-7f03-4355-873c-501226297c18",NA,NA,NA,NA,NA,"",NA,NA,"Holothuria",NA,NA,"",NA,NA,NA,NA,NA,NA,"",NA,"",NA,NA,"",NA,NA,NA,NA,NA,NA,"2014-09-12T11:29:08.414Z",NA,"Invertebrate Zoology",NA,NA,"Baja California",NA,"",NA,"","",NA,"",NA,NA,NA,NA,NA,"",NA,"Ebert-San Felipe",NA,NA,"","",1971,NA,NA,NA,"","",NA,"",NA,"",NA,"","16171-Echinodermata","",NA,"FLMNH",NA,"Mexico",NA,NA,"","",NA,NA,NA,"",NA,"",31.0405,NA
"766","Holothuria rigida",NA,"",NA,"","Aspidochirotida",NA,NA,NA,20,"",NA,NA,NA,NA,NA,"",NA,NA,"",NA,NA,"",NA,NA,NA,"",NA,NA,NA,NA,NA,NA,NA,NA,"",NA,NA,NA,NA,NA,"Holothuriidae","",NA,NA,"",NA,NA,"19794F31-D239-4E22-89D7-5748383E78E7",NA,NA,NA,"","",NA,"",NA,"",NA,"Selenka",NA,"",NA,11,145.801922,NA,NA,NA,NA,"Pierre Lozouet, Timea Neusser, John Slapcinsky, Bastian Brenzinger","",NA,NA,"",NA,NA,NA,NA,NA,"",NA,"872733a2-67a3-4c54-aa76-862735a5f334",NA,"",NA,NA,NA,"PreservedSpecimen",NA,NA,NA,NA,NA,NA,NA,"",NA,"Holothuroidea","",NA,NA,"rigida","",NA,"308293878e89e456b1ab116c2322915f05b0b646",NA,NA,"09/08/2014","",NA,NA,"",NA,"",NA,NA,"02fab905-b6f3-4f0d-9c75-ab1162043f15","02fab905-b6f3-4f0d-9c75-ab1162043f15",NA,NA,NA,NA,NA,"",NA,NA,"Holothuria",NA,NA,"",NA,NA,NA,NA,NA,NA,"",NA,"",NA,NA,"",NA,NA,NA,NA,NA,NA,"2014-09-12T15:42:01.582Z",NA,"Invertebrate Zoology",NA,NA,"Madang Province",NA,"",NA,"","",NA,"",NA,NA,NA,NA,NA,"",NA,"PM33",NA,NA,"","",2012,NA,NA,NA,"","",NA,"",NA,"",NA,"","15219-Echinodermata","",NA,"FLMNH",NA,"Papua New Guinea",NA,NA,"","",NA,NA,NA,"",NA,"",-5.02895,NA
"826","Holothuria rigida",NA,"",NA,"","Aspidochirotida",NA,NA,NA,28,"",NA,NA,NA,NA,NA,"",NA,NA,"",NA,NA,"",NA,NA,NA,"",NA,NA,NA,NA,NA,NA,NA,NA,"",NA,NA,NA,NA,NA,"Holothuriidae","",NA,NA,"",NA,NA,"35443EC8-422B-41D0-9669-991634BB590B",NA,NA,NA,"","",NA,"",NA,"",NA,"Selenka",NA,"",NA,1,-109.4253,NA,NA,NA,NA,"T. A. Ebert, D. M. Dexter","",NA,NA,"",NA,NA,NA,NA,NA,"",NA,"872733a2-67a3-4c54-aa76-862735a5f334",NA,"",NA,NA,NA,"PreservedSpecimen",NA,NA,NA,NA,NA,NA,NA,"",NA,"Holothuroidea","",NA,NA,"rigida","",NA,"090e6ecf0554f4a071a7238387c1093b27b1d15b",NA,NA,"09/08/2014","",NA,NA,"",NA,"",NA,NA,"6a23c88c-04bb-478c-8f1e-2f50fa37104c","6a23c88c-04bb-478c-8f1e-2f50fa37104c",NA,NA,NA,NA,NA,"",NA,NA,"Holothuria",NA,NA,"",NA,NA,NA,NA,NA,NA,"",NA,"",NA,NA,"",NA,NA,NA,NA,NA,NA,"2014-09-12T13:13:42.342Z",NA,"Invertebrate Zoology",NA,NA,"Baja California Sur",NA,"",NA,"","",NA,"",NA,NA,NA,NA,NA,"",NA,"Ebert-Los Frailes",NA,NA,"","",1972,NA,NA,NA,"","",NA,"",NA,"",NA,"","16162-Echinodermata","",NA,"FLMNH",NA,"Mexico",NA,NA,"","",NA,NA,NA,"",NA,"",23.3827,NA
"854","Holothuria rigida",NA,"",NA,"","Aspidochirotida",NA,NA,NA,24,"",NA,NA,NA,NA,NA,"",NA,NA,"",NA,NA,"",NA,NA,NA,"",NA,NA,NA,NA,NA,NA,NA,NA,"",NA,NA,NA,NA,NA,"Holothuriidae","",NA,NA,"",NA,NA,"4E36FACA-9F14-413F-A7FC-120483EAB870",NA,NA,NA,"","",NA,"",NA,"",NA,"Selenka",NA,"",NA,4,144.8,NA,NA,NA,NA,"Allison Miller","",NA,NA,"",NA,NA,NA,NA,NA,"",NA,"872733a2-67a3-4c54-aa76-862735a5f334",NA,"",NA,NA,NA,"PreservedSpecimen",NA,NA,NA,NA,NA,NA,NA,"",NA,"Holothuroidea","",NA,NA,"rigida","",NA,"57b6f1bdee96ce66f1544790be462b8bc3800120",NA,NA,"09/08/2014","",NA,NA,"",NA,"",NA,NA,"3dbab5cf-71da-4742-9241-70899ae91c71","3dbab5cf-71da-4742-9241-70899ae91c71",NA,NA,NA,NA,NA,"",NA,NA,"Holothuria",NA,NA,"",NA,NA,NA,NA,NA,NA,"",NA,"",NA,NA,"",NA,NA,NA,NA,NA,NA,"2014-09-12T18:09:25.767Z",NA,"Invertebrate Zoology",NA,NA,"Mariana Islands",NA,"",NA,"","",NA,"",NA,NA,NA,NA,NA,"",NA,"Kerr-025",NA,NA,"","",2012,NA,NA,NA,"","",NA,"",NA,"",NA,"","12507-Echinodermata","",NA,"FLMNH",NA,"USA",NA,NA,"Guam Island","",NA,NA,NA,"",NA,"",13.5,NA
"1087","Holothuria rigida",NA,"",NA,"","Aspidochirotida",NA,NA,NA,19,"",NA,NA,NA,NA,NA,"",NA,NA,"",NA,NA,"",NA,NA,NA,"",NA,NA,NA,NA,NA,NA,NA,NA,"",NA,NA,NA,NA,NA,"Holothuriidae","",NA,NA,"",NA,NA,"8C9CC0BF-E4F8-4010-988F-531DDFAD78A1",NA,NA,NA,"","",NA,"",NA,"",NA,"Selenka",NA,"",NA,11,152.050583333333,NA,NA,NA,NA,"James Reimer","",NA,NA,"",NA,NA,NA,NA,NA,"",NA,"872733a2-67a3-4c54-aa76-862735a5f334",NA,"",NA,NA,NA,"PreservedSpecimen",NA,NA,NA,NA,NA,NA,NA,"",NA,"Holothuroidea","",NA,NA,"rigida","",NA,"d6ebf4fe67ddd0f22707c4febea140b1e8ca36bd",NA,NA,"09/08/2014","",NA,NA,"",NA,"",NA,NA,"a4e2d98e-c77a-4678-b28f-87366e8bf051","a4e2d98e-c77a-4678-b28f-87366e8bf051",NA,NA,NA,NA,NA,"",NA,NA,"Holothuria",NA,NA,"",NA,NA,NA,NA,NA,NA,"",NA,"",NA,NA,"",NA,NA,NA,NA,NA,NA,"2014-09-12T16:30:07.879Z",NA,"Invertebrate Zoology",NA,NA,"Queensland",NA,"",NA,"","",NA,"",NA,NA,NA,NA,NA,"",NA,"HI09-059",NA,NA,"","",2009,NA,NA,NA,"","",NA,"",NA,"",NA,"","10068-Echinodermata","",NA,"FLMNH",NA,"Australia",NA,NA,"","",NA,NA,NA,"",NA,"",-23.5945166666667,NA
"1286","Holothuria rigida",NA,"",NA,"","Aspidochirotida",NA,NA,NA,4,"",NA,NA,NA,NA,NA,"",NA,NA,"",NA,NA,"",NA,NA,NA,"",NA,NA,NA,NA,NA,NA,NA,NA,"",NA,NA,NA,NA,NA,"Holothuriidae","",NA,NA,"",NA,NA,"BF9BA834-A8BA-4382-959E-B26872E8B1DF",NA,NA,NA,"","",NA,"",NA,"",NA,"Selenka",NA,"",NA,2,NA,NA,NA,NA,NA,"Cleveland P. Hickman, Jr.","",NA,NA,"",NA,NA,NA,NA,NA,"",NA,"872733a2-67a3-4c54-aa76-862735a5f334",NA,"",NA,NA,NA,"PreservedSpecimen",NA,NA,NA,NA,NA,NA,NA,"",NA,"Holothuroidea","",NA,NA,"rigida","",NA,"e82ff9b3d41ad1c88727dd69e1232694c0bf6b00",NA,NA,"09/08/2014","",NA,NA,"",NA,"",NA,NA,"38fefb18-98af-4851-822b-8c377079d518","38fefb18-98af-4851-822b-8c377079d518",NA,NA,NA,NA,NA,"",NA,NA,"Holothuria",NA,NA,"",NA,NA,NA,NA,NA,NA,"",NA,"",NA,NA,"",NA,NA,NA,NA,NA,NA,"2014-09-12T18:43:08.393Z",NA,"Invertebrate Zoology",NA,NA,"Galapagos Islands",NA,"",NA,"","",NA,"",NA,NA,NA,NA,NA,"",NA,"Hickman-016",NA,NA,"","",1998,NA,NA,NA,"","",NA,"",NA,"",NA,"","9656-Echinodermata","",NA,"FLMNH",NA,"Ecuador",NA,NA,"","",NA,NA,NA,"",NA,"",NA,NA
"1400","Holothuria rigida",NA,"",NA,"","Aspidochirotida",NA,NA,NA,26,"",NA,NA,NA,NA,NA,"",NA,NA,"",NA,NA,"",NA,NA,NA,"",NA,NA,NA,NA,NA,NA,NA,NA,"",NA,NA,NA,NA,NA,"Holothuriidae","",NA,NA,"",NA,NA,"ED68CF66-3945-4DAC-A59A-4DB0409EC266",NA,NA,NA,"","",NA,"",NA,"",NA,"Selenka",NA,"",NA,10,-149.8,NA,NA,NA,NA,"Paulay, G.","",NA,NA,"",NA,NA,NA,NA,NA,"",NA,"872733a2-67a3-4c54-aa76-862735a5f334",NA,"",NA,NA,NA,"PreservedSpecimen",NA,NA,NA,NA,NA,NA,NA,"",NA,"Holothuroidea","",NA,NA,"rigida","",NA,"eb2d97980a5282bb0dddd7063f4624ab83f2e6fa",NA,NA,"09/08/2014","",NA,NA,"",NA,"",NA,NA,"57b5aa37-de9b-4950-9833-ea989967b9d6","57b5aa37-de9b-4950-9833-ea989967b9d6",NA,NA,NA,NA,NA,"",NA,NA,"Holothuria",NA,NA,"",NA,NA,NA,NA,NA,NA,"",NA,"",NA,NA,"",NA,NA,NA,NA,NA,NA,"2014-09-12T12:21:21.866Z",NA,"Invertebrate Zoology",NA,NA,"Society Islands",NA,"",NA,"","",NA,"",NA,NA,NA,NA,NA,"",NA,"BMOO-053",NA,NA,"","",2001,NA,NA,NA,"","",NA,"",NA,"",NA,"","592-Echinodermata","",NA,"FLMNH",NA,"French Polynesia",NA,NA,"Moorea Island","",NA,NA,NA,"",NA,"",-17.5,NA
"1547","Holothuria rigida",NA,"",NA,"","Aspidochirotida",NA,NA,NA,17,"",NA,NA,NA,NA,NA,"",NA,NA,"",NA,NA,"",NA,NA,NA,"",NA,NA,NA,NA,NA,NA,NA,NA,"",NA,NA,NA,NA,NA,"Holothuriidae","",NA,NA,"",NA,NA,"B9F5107A-2B80-460A-AE8B-572A9EF48F86",NA,NA,NA,"","",NA,"",NA,"",NA,"Selenka",NA,"",NA,6,-149.8239,NA,NA,NA,NA,"Gustav Paulay","",NA,NA,"",NA,NA,NA,NA,NA,"",NA,"872733a2-67a3-4c54-aa76-862735a5f334",NA,"",NA,NA,NA,"PreservedSpecimen",NA,NA,NA,NA,NA,NA,NA,"",NA,"Holothuroidea","",NA,NA,"rigida","",NA,"f1af2bb3d413ae9ffc6cfdd32de548f05a825508",NA,NA,"09/08/2014","",NA,NA,"",NA,"",NA,NA,"54ad8c1c-1fa5-4213-bf3a-f50cb65e92da","54ad8c1c-1fa5-4213-bf3a-f50cb65e92da",NA,NA,NA,NA,NA,"",NA,NA,"Holothuria",NA,NA,"",NA,NA,NA,NA,NA,NA,"",NA,"",NA,NA,"",NA,NA,NA,NA,NA,NA,"2014-09-12T10:19:31.287Z",NA,"Invertebrate Zoology",NA,NA,"Society Islands",NA,"",NA,"","",NA,"",NA,NA,NA,NA,NA,"",NA,"GP-Loc-859",NA,NA,"","",2006,NA,NA,NA,"","",NA,"",NA,"",NA,"","5199-Echinodermata","",NA,"FLMNH",NA,"French Polynesia",NA,NA,"Moorea Island","",NA,NA,NA,"",NA,"",-17.4841,NA
"1701","Holothuria rigida",NA,"",NA,"","Aspidochirotida",NA,NA,NA,16,"",NA,NA,NA,NA,NA,"",NA,NA,"",NA,NA,"",NA,NA,NA,"",NA,NA,NA,NA,NA,NA,NA,NA,"",NA,NA,NA,NA,NA,"Holothuriidae","",NA,NA,"",NA,NA,"41624C5C-9447-4B99-B9E1-5DE6090BAB0E",NA,NA,NA,"","",NA,"",NA,"",NA,"Selenka",NA,"",NA,11,145.794018,NA,NA,NA,NA,"Yasunori Kano, Pierre Lozouet, John Slapcinsky, Mande Holford, Timea Neusser, Bastian Brenzinger","",NA,NA,"",NA,NA,NA,NA,NA,"",NA,"872733a2-67a3-4c54-aa76-862735a5f334",NA,"",NA,NA,NA,"PreservedSpecimen",NA,NA,NA,NA,NA,NA,NA,"",NA,"Holothuroidea","",NA,NA,"rigida","",NA,"311435f6ab9600265c2e5c8772055d851f87805f",NA,NA,"09/08/2014","",NA,NA,"",NA,"",NA,NA,"95266131-3f3b-4c48-8c02-310759fe6250","95266131-3f3b-4c48-8c02-310759fe6250",NA,NA,NA,NA,NA,"",NA,NA,"Holothuria",NA,NA,"",NA,NA,NA,NA,NA,NA,"",NA,"",NA,NA,"",NA,NA,NA,NA,NA,NA,"2014-09-12T17:57:54.118Z",NA,"Invertebrate Zoology",NA,NA,"Madang Province",NA,"",NA,"","",NA,"",NA,NA,NA,NA,NA,"",NA,"PM27",NA,NA,"","",2012,NA,NA,NA,"","",NA,"",NA,"",NA,"","14781-Echinodermata","",NA,"FLMNH",NA,"Papua New Guinea",NA,NA,"","",NA,NA,NA,"",NA,"",-4.987981,NA
"1705","Holothuria rigida",NA,"",NA,"","Aspidochirotida",NA,NA,NA,1,"",NA,NA,NA,NA,NA,"",NA,NA,"",NA,NA,"",NA,NA,NA,"",NA,NA,NA,NA,NA,NA,NA,NA,"",NA,NA,NA,NA,NA,"Holothuriidae","",NA,NA,"",NA,NA,"D54B75B0-FADE-4B8C-959C-E3C262658BF3",NA,NA,NA,"","",NA,"",NA,"",NA,"Selenka",NA,"",NA,11,167.52262,NA,NA,NA,NA,"Nathaniel Evans","",NA,NA,"",NA,NA,NA,NA,NA,"",NA,"872733a2-67a3-4c54-aa76-862735a5f334",NA,"",NA,NA,NA,"PreservedSpecimen",NA,NA,NA,NA,NA,NA,NA,"",NA,"Holothuroidea","",NA,NA,"rigida","",NA,"f3791b3f475749dd9a7ec4baedcc225cc981b27e",NA,NA,"09/08/2014","",NA,NA,"",NA,"",NA,NA,"682f088e-8279-4b42-a9e5-b859b7a04c57","682f088e-8279-4b42-a9e5-b859b7a04c57",NA,NA,NA,NA,NA,"",NA,NA,"Holothuria",NA,NA,"",NA,NA,NA,NA,NA,NA,"",NA,"",NA,NA,"",NA,NA,NA,NA,NA,NA,"2014-09-12T16:59:39.656Z",NA,"Invertebrate Zoology",NA,NA,"New Caledonia",NA,"",NA,"","",NA,"",NA,NA,NA,NA,NA,"",NA,"NEST8",NA,NA,"","",2013,NA,NA,NA,"","",NA,"",NA,"",NA,"","15873-Echinodermata","",NA,"FLMNH",NA,"France",NA,NA,"","",NA,NA,NA,"",NA,"",-22.58346,NA
"1730","Holothuria rigida",NA,"",NA,"","Aspidochirotida",NA,NA,NA,18,"",NA,NA,NA,NA,NA,"",NA,NA,"",NA,NA,"",NA,NA,NA,"",NA,NA,NA,NA,NA,NA,NA,NA,"",NA,NA,NA,NA,NA,"Holothuriidae","",NA,NA,"",NA,NA,"9FDFA5CE-5DC4-4975-8600-97C6C2DD74A6",NA,NA,NA,"","",NA,"",NA,"",NA,"Selenka",NA,"",NA,12,NA,NA,NA,NA,NA,"Kirkendale, L.","",NA,NA,"",NA,NA,NA,NA,NA,"",NA,"872733a2-67a3-4c54-aa76-862735a5f334",NA,"",NA,NA,NA,"PreservedSpecimen",NA,NA,NA,NA,NA,NA,NA,"",NA,"Holothuroidea","",NA,NA,"rigida","",NA,"2eedd88154ffa6f611817886b4235a4d693e0a13",NA,NA,"09/08/2014","",NA,NA,"",NA,"",NA,NA,"44a87e2b-e9f0-4236-8445-ae6a1918b2d7","44a87e2b-e9f0-4236-8445-ae6a1918b2d7",NA,NA,NA,NA,NA,"",NA,NA,"Holothuria",NA,NA,"",NA,NA,NA,NA,NA,NA,"",NA,"",NA,NA,"",NA,NA,NA,NA,NA,NA,"2014-09-12T15:46:09.033Z",NA,"Invertebrate Zoology",NA,NA,"Christmas Island",NA,"",NA,"","",NA,"",NA,NA,NA,NA,NA,"",NA,"LAK-077A",NA,NA,"","",1999,NA,NA,NA,"","",NA,"",NA,"",NA,"","697-Echinodermata","",NA,"FLMNH",NA,"Australia",NA,NA,"Christmas Island","",NA,NA,NA,"",NA,"",NA,NA
"1853","Holothuria rigida",NA,"",NA,"","Aspidochirotida",NA,NA,NA,NA,"",NA,NA,NA,NA,NA,"",NA,NA,"",NA,NA,"",NA,NA,NA,"",NA,NA,NA,NA,NA,NA,NA,NA,"",NA,NA,NA,NA,NA,"Holothuriidae","",NA,NA,"",NA,NA,"F4A35B43-B524-47EC-B644-7545CBC0297C",NA,NA,NA,"","",NA,"",NA,"",NA,"Selenka",NA,"",NA,NA,158.176,NA,NA,NA,NA,"Starmer, J.","",NA,NA,"",NA,NA,NA,NA,NA,"",NA,"872733a2-67a3-4c54-aa76-862735a5f334",NA,"",NA,NA,NA,"PreservedSpecimen",NA,NA,NA,NA,NA,NA,NA,"",NA,"Holothuroidea","",NA,NA,"rigida","",NA,"8b2ac3d45debb247d47b0c7db5a563b537a7f4d1",NA,NA,"09/08/2014","",NA,NA,"",NA,"",NA,NA,"5fb3138f-1c67-49c5-a803-47444ac5f4a4","5fb3138f-1c67-49c5-a803-47444ac5f4a4",NA,NA,NA,NA,NA,"",NA,NA,"Holothuria",NA,NA,"",NA,NA,NA,NA,NA,NA,"",NA,"",NA,NA,"",NA,NA,NA,NA,NA,NA,"2014-09-12T14:05:46.177Z",NA,"Invertebrate Zoology",NA,NA,"Caroline Islands",NA,"",NA,"","",NA,"",NA,NA,NA,NA,NA,"",NA,"JAS-PON-041",NA,NA,"","",NA,NA,NA,NA,"","",NA,"",NA,"",NA,"","1552-Echinodermata","",NA,"FLMNH",NA,"Federated States of Micronesia",NA,NA,"Pohnpei Island","",NA,NA,NA,"",NA,"",6.983,NA
"1907","Holothuria rigida",NA,"",NA,"","Aspidochirotida",NA,NA,NA,14,"",NA,NA,NA,NA,NA,"",NA,NA,"",NA,NA,"",NA,NA,NA,"",NA,NA,NA,NA,NA,NA,NA,NA,"",NA,NA,NA,NA,NA,"Holothuriidae","",NA,NA,"",NA,NA,"FECF9A52-7EB6-40D8-9891-47BE01513F0A",NA,NA,NA,"","",NA,"",NA,"",NA,"Selenka",NA,"",NA,10,-166.1857,NA,NA,NA,NA,"Rusty Brainard, Gustav Paulay, Sea McKeon, Brian Zgliczynski, Tito Lotufo, Jim Maragos, Scott Godwin & John Starmer","",NA,NA,"",NA,NA,NA,NA,NA,"",NA,"872733a2-67a3-4c54-aa76-862735a5f334",NA,"",NA,NA,NA,"PreservedSpecimen",NA,NA,NA,NA,NA,NA,NA,"",NA,"Holothuroidea","",NA,NA,"rigida","",NA,"55d65b1a8e43fb159d37761e816cb73278e9fcd2",NA,NA,"09/08/2014","",NA,NA,"",NA,"",NA,NA,"bfe6cdc6-5bd1-41f2-b392-be44fa491d2a","bfe6cdc6-5bd1-41f2-b392-be44fa491d2a",NA,NA,NA,NA,NA,"",NA,NA,"Holothuria",NA,NA,"",NA,NA,NA,NA,NA,NA,"",NA,"",NA,NA,"",NA,NA,NA,NA,NA,NA,"2014-09-12T09:20:49.084Z",NA,"Invertebrate Zoology",NA,NA,"Hawaiian Islands",NA,"",NA,"","",NA,"",NA,NA,NA,NA,NA,"",NA,"FFS-0050",NA,NA,"","",2006,NA,NA,NA,"","",NA,"",NA,"",NA,"","6104-Echinodermata","",NA,"FLMNH",NA,"USA",NA,NA,"French Frigate Shoals","",NA,NA,NA,"",NA,"",23.6347,NA
"1968","Holothuria rigida",NA,"",NA,"","Aspidochirotida",NA,NA,NA,26,"",NA,NA,NA,NA,NA,"",NA,NA,"",NA,NA,"",NA,NA,NA,"",NA,NA,NA,NA,NA,NA,NA,NA,"",NA,NA,NA,NA,NA,"Holothuriidae","",NA,NA,"",NA,NA,"CA872404-BC23-4740-B3A7-56895E190659",NA,NA,NA,"","",NA,"",NA,"",NA,"Selenka",NA,"",NA,10,-149.818593,NA,NA,NA,NA,"Arthur Anker","",NA,NA,"",NA,NA,NA,NA,NA,"",NA,"872733a2-67a3-4c54-aa76-862735a5f334",NA,"",NA,NA,NA,"PreservedSpecimen",NA,NA,NA,NA,NA,NA,NA,"",NA,"Holothuroidea","",NA,NA,"rigida","",NA,"79a10f0531042e02072d262a278b0b40b4ad6b88",NA,NA,"09/08/2014","",NA,NA,"",NA,"",NA,NA,"1d3f245d-16ab-4ce8-8393-896dcc3fba7c","1d3f245d-16ab-4ce8-8393-896dcc3fba7c",NA,NA,NA,NA,NA,"",NA,NA,"Holothuria",NA,NA,"",NA,NA,NA,NA,NA,NA,"",NA,"",NA,NA,"",NA,NA,NA,NA,NA,NA,"2014-09-12T18:15:41.347Z",NA,"Invertebrate Zoology",NA,NA,"Society Islands",NA,"",NA,"","",NA,"",NA,NA,NA,NA,NA,"",NA,"BIZ-049",NA,NA,"","",2009,NA,NA,NA,"","",NA,"",NA,"",NA,"","9761-Echinodermata","",NA,"FLMNH",NA,"French Polynesia",NA,NA,"Moorea Island","",NA,NA,NA,"",NA,"",-17.487693,NA
"2055","Holothuria rigida",NA,"",NA,"","",NA,NA,NA,12,"",NA,NA,NA,NA,NA,"",NA,NA,"",NA,NA,"",NA,NA,NA,"",NA,NA,NA,NA,NA,NA,NA,NA,"",NA,NA,NA,NA,NA,"Holothuriidae","",NA,NA,"en",NA,NA,"urn:catalog:CAS:IZ:117975",NA,NA,NA,"","",NA,"1967-01-12 00:00:00.0",NA,"Animalia",NA,"(Selenka, 1867)",NA,"",NA,1,NA,NA,NA,12,NA,"Thomas A.Burch","",NA,NA,"",NA,NA,NA,NA,NA,"",NA,"872733a2-67a3-4c54-aa76-862735a5f334",NA,"12 Jan 1967",NA,NA,NA,"PreservedSpecimen",NA,NA,NA,NA,NA,NA,NA,"",NA,"","",NA,NA,"rigida","75% EtOH",NA,"5595597df6b5891535570fe374ac37add77891af",NA,NA,"","",NA,NA,"",NA,"Cabo Tepoca",NA,NA,"e6572fb1-f7bf-4a28-8a30-7c7c46b9a968","e6572fb1-f7bf-4a28-8a30-7c7c46b9a968",NA,NA,NA,NA,NA,"",NA,NA,"Holothuria",NA,NA,"PhysicalObject",NA,NA,NA,NA,NA,NA,"",1,"ECHINODERMATA",NA,NA,"",NA,NA,NA,NA,NA,NA,"2014-03-20T20:48:23.590Z",NA,"IZ",NA,NA,"",NA,"",NA,"Animalia: ECHINODERMATA: HOLOTHUROIDEA: ASPIDOCHIROTIA: ASPIDOCHIROTIDA: Holothuriidae","1999-06-24 00:00:00.0",NA,"MEXICO: Sonora: Puerto Lobos",NA,NA,NA,NA,NA,"",NA,"",NA,NA,"rocks or reef","",1967,NA,NA,NA,"","",NA,"",NA,"",NA,"","117975.0","",NA,"CAS",NA,"Mexico",NA,NA,"","",NA,NA,NA,"67008",NA,"Francisco Solis-Marin",NA,NA
"2166","Holothuria rigida",NA,"",NA,"","Aspidochirotida",NA,NA,NA,28,"",NA,NA,NA,NA,NA,"",NA,NA,"",NA,NA,"",NA,NA,NA,"",NA,NA,NA,NA,NA,NA,NA,NA,"",NA,NA,NA,NA,NA,"Holothuriidae","",NA,NA,"",NA,NA,"84D8AF3E-E1FA-4296-A25D-8D571486A8A1",NA,NA,NA,"","",NA,"",NA,"",NA,"Selenka",NA,"",NA,1,-109.4253,NA,NA,NA,NA,"T. A. Ebert, D. M. Dexter","",NA,NA,"",NA,NA,NA,NA,NA,"",NA,"872733a2-67a3-4c54-aa76-862735a5f334",NA,"",NA,NA,NA,"PreservedSpecimen",NA,NA,NA,NA,NA,NA,NA,"",NA,"Holothuroidea","",NA,NA,"rigida","",NA,"4473f5d2fbae364fbf35ce4e575647a87e419e85",NA,NA,"09/08/2014","",NA,NA,"",NA,"",NA,NA,"f7a95710-24af-4daf-980d-22db451c6e79","f7a95710-24af-4daf-980d-22db451c6e79",NA,NA,NA,NA,NA,"",NA,NA,"Holothuria",NA,NA,"",NA,NA,NA,NA,NA,NA,"",NA,"",NA,NA,"",NA,NA,NA,NA,NA,NA,"2014-09-12T10:17:23.667Z",NA,"Invertebrate Zoology",NA,NA,"Baja California Sur",NA,"",NA,"","",NA,"",NA,NA,NA,NA,NA,"",NA,"Ebert-Los Frailes",NA,NA,"","",1972,NA,NA,NA,"","",NA,"",NA,"",NA,"","16138-Echinodermata","",NA,"FLMNH",NA,"Mexico",NA,NA,"","",NA,NA,NA,"",NA,"",23.3827,NA
"2173","Holothuria rigida",NA,"",NA,"","Aspidochirotida",NA,NA,NA,8,"",NA,NA,NA,NA,NA,"",NA,NA,"",NA,NA,"",NA,NA,NA,"",NA,NA,NA,NA,NA,NA,NA,NA,"",NA,NA,NA,NA,NA,"Holothuriidae","",NA,NA,"",NA,NA,"8D28970E-24CF-4B0E-AADD-E1FB39317649",NA,NA,NA,"","",NA,"",NA,"",NA,"Selenka",NA,"",NA,5,72.962112,NA,NA,NA,NA,"Jenna Moore","",NA,NA,"",NA,NA,NA,NA,NA,"",NA,"872733a2-67a3-4c54-aa76-862735a5f334",NA,"",NA,NA,NA,"PreservedSpecimen",NA,NA,NA,NA,NA,NA,NA,"",NA,"Holothuroidea","",NA,NA,"rigida","",NA,"e64d58c7aaae54113a7e3476d3fe0d90c9ee2ce0",NA,NA,"09/08/2014","",NA,NA,"",NA,"",NA,NA,"0a4a2eca-38c4-4a36-b372-7369580bdc72","0a4a2eca-38c4-4a36-b372-7369580bdc72",NA,NA,NA,NA,NA,"",NA,NA,"Holothuria",NA,NA,"",NA,NA,NA,NA,NA,NA,"",NA,"",NA,NA,"",NA,NA,NA,NA,NA,NA,"2014-09-12T12:39:08.108Z",NA,"Invertebrate Zoology",NA,NA,"",NA,"",NA,"","",NA,"",NA,NA,NA,NA,NA,"",NA,"MG-08",NA,NA,"","",2014,NA,NA,NA,"","",NA,"",NA,"",NA,"","16067-Echinodermata","",NA,"FLMNH",NA,"Maldives",NA,NA,"","",NA,NA,NA,"",NA,"",3.078913,NA
"2243","Holothuria rigida",NA,"",NA,"","Aspidochirotida",NA,NA,NA,31,"",NA,NA,NA,NA,NA,"",NA,NA,"",NA,NA,"",NA,NA,NA,"",NA,NA,NA,NA,NA,NA,NA,NA,"",NA,NA,NA,NA,NA,"Holothuriidae","",NA,NA,"",NA,NA,"139D72ED-4DF8-40BC-9255-B7B8BF53BC73",NA,NA,NA,"","",NA,"",NA,"",NA,"Selenka",NA,"",NA,1,-149.8583,NA,NA,NA,NA,"François Michonneau & Gustav Paulay","",NA,NA,"",NA,NA,NA,NA,NA,"",NA,"872733a2-67a3-4c54-aa76-862735a5f334",NA,"",NA,NA,NA,"PreservedSpecimen",NA,NA,NA,NA,NA,NA,NA,"",NA,"Holothuroidea","",NA,NA,"rigida","",NA,"900afa1971e2f86f0126a86bea6575d29ae6a511",NA,NA,"09/08/2014","",NA,NA,"",NA,"",NA,NA,"acbeb4da-61be-4e8a-9612-1683a88faa8f","acbeb4da-61be-4e8a-9612-1683a88faa8f",NA,NA,NA,NA,NA,"",NA,NA,"Holothuria",NA,NA,"",NA,NA,NA,NA,NA,NA,"",NA,"",NA,NA,"",NA,NA,NA,NA,NA,NA,"2014-09-12T13:59:07.067Z",NA,"Invertebrate Zoology",NA,NA,"Society Islands",NA,"",NA,"","",NA,"",NA,NA,NA,NA,NA,"",NA,"BIZ-779",NA,NA,"","",2012,NA,NA,NA,"","",NA,"",NA,"",NA,"","12468-Echinodermata","",NA,"FLMNH",NA,"French Polynesia",NA,NA,"Moorea Island","",NA,NA,NA,"",NA,"",-17.4941,NA
"2263","Holothuria rigida",NA,"",NA,"","Aspidochirotida",NA,NA,NA,10,"",NA,NA,NA,NA,NA,"",NA,NA,"",NA,NA,"",NA,NA,NA,"",NA,NA,NA,NA,NA,NA,NA,NA,"",NA,NA,NA,NA,NA,"Holothuriidae","",NA,NA,"",NA,NA,"380897F1-116D-4F03-AB1C-9672F7DB99F4",NA,NA,NA,"","",NA,"",NA,"",NA,"Selenka",NA,"",NA,11,178.457433333333,NA,NA,NA,NA,"Kirkendale, L. & Bonito, V.","",NA,NA,"",NA,NA,NA,NA,NA,"",NA,"872733a2-67a3-4c54-aa76-862735a5f334",NA,"",NA,NA,NA,"PreservedSpecimen",NA,NA,NA,NA,NA,NA,NA,"",NA,"Holothuroidea","",NA,NA,"rigida","",NA,"adabb4a87010ec15db884f3b9e6257a412882a14",NA,NA,"09/08/2014","",NA,NA,"",NA,"",NA,NA,"1ca86f7d-cb37-4b67-9332-278931aeb93f","1ca86f7d-cb37-4b67-9332-278931aeb93f",NA,NA,NA,NA,NA,"",NA,NA,"Holothuria",NA,NA,"",NA,NA,NA,NA,NA,NA,"",NA,"",NA,NA,"",NA,NA,NA,NA,NA,NA,"2014-09-12T14:26:11.826Z",NA,"Invertebrate Zoology",NA,NA,"Fiji Islands",NA,"",NA,"","",NA,"",NA,NA,NA,NA,NA,"",NA,"LAK-015B",NA,NA,"","",2001,NA,NA,NA,"","",NA,"",NA,"",NA,"","463-Echinodermata","",NA,"FLMNH",NA,"Fiji",NA,NA,"Viti Levu Island","",NA,NA,NA,"",NA,"",-18.1788166666667,NA
"2344","Holothuria rigida",NA,"",NA,"","",NA,NA,NA,4,"",NA,NA,NA,NA,NA,"",NA,NA,"",NA,NA,"",NA,NA,NA,"",NA,NA,NA,NA,NA,NA,NA,NA,"",NA,NA,NA,NA,NA,"Holothuriidae","",NA,NA,"en",NA,NA,"urn:catalog:CAS:IZ:118000",NA,NA,NA,"","",NA,"1966-04-04 00:00:00.0",NA,"Animalia",NA,"(Selenka, 1867)",NA,"",NA,4,NA,NA,NA,94,NA,"with SCIBR colln. ?","",NA,NA,"",NA,NA,NA,NA,NA,"",NA,"872733a2-67a3-4c54-aa76-862735a5f334",NA,"4 Apr 1966",NA,NA,NA,"PreservedSpecimen",NA,NA,NA,NA,NA,NA,NA,"",NA,"","",NA,NA,"rigida","75% EtOH",NA,"e4071fffdc471c1bd53e81c05155ec80a77579e1",NA,NA,"","",NA,NA,"",NA,"Puertecitos Bay",NA,NA,"8e7bb7ec-9bb6-4dd2-a64a-2a2ba416ecda","8e7bb7ec-9bb6-4dd2-a64a-2a2ba416ecda",NA,NA,NA,NA,NA,"",NA,NA,"Holothuria",NA,NA,"PhysicalObject",NA,NA,NA,NA,NA,NA,"",1,"ECHINODERMATA",NA,NA,"",NA,NA,NA,NA,NA,NA,"2014-03-20T21:01:25.340Z",NA,"IZ",NA,NA,"",NA,"",NA,"Animalia: ECHINODERMATA: HOLOTHUROIDEA: ASPIDOCHIROTIA: ASPIDOCHIROTIDA: Holothuriidae","1999-07-24 00:00:00.0",NA,"MEXICO: Baja California: Gulf of California",NA,NA,NA,NA,NA,"",NA,"",NA,NA,"","",1966,NA,NA,NA,"","",NA,"",NA,"",NA,"","118000.0","",NA,"CAS",NA,"Mexico",NA,NA,"","",NA,NA,NA,"",NA,"Francisco Solis-Marin",NA,NA
"2468","Holothuria rigida",NA,"",NA,"","Aspidochirotida",NA,NA,NA,7,"",NA,NA,NA,NA,NA,"",NA,NA,"",NA,NA,"",NA,NA,NA,"",NA,NA,NA,NA,NA,NA,NA,NA,"",NA,NA,NA,NA,NA,"Holothuriidae","",NA,NA,"",NA,NA,"CDDFFFD7-AD35-44AA-BB47-DA4711FAFBF7",NA,NA,NA,"","",NA,"",NA,"",NA,"Selenka",NA,"",NA,10,-169.9,NA,NA,NA,NA,"Holthuis, B. & Paulay, G.","",NA,NA,"",NA,NA,NA,NA,NA,"",NA,"872733a2-67a3-4c54-aa76-862735a5f334",NA,"",NA,NA,NA,"PreservedSpecimen",NA,NA,NA,NA,NA,NA,NA,"",NA,"Holothuroidea","",NA,NA,"rigida","",NA,"96cb8b29f9a03278e6f174f48dcc4fbb12613c9c",NA,NA,"09/08/2014","",NA,NA,"",NA,"",NA,NA,"950bb811-66ae-43eb-b0cb-e906abf99c5d","950bb811-66ae-43eb-b0cb-e906abf99c5d",NA,NA,NA,NA,NA,"",NA,NA,"Holothuria",NA,NA,"",NA,NA,NA,NA,NA,NA,"",NA,"",NA,NA,"",NA,NA,NA,NA,NA,NA,"2014-09-12T14:32:11.442Z",NA,"Invertebrate Zoology",NA,NA,"Niue Island",NA,"",NA,"","",NA,"",NA,NA,NA,NA,NA,"",NA,"BNIUE-340",NA,NA,"","",91,NA,NA,NA,"","",NA,"",NA,"",NA,"","1983-Echinodermata","",NA,"FLMNH",NA,"Niue Island",NA,NA,"Niue Island","",NA,NA,NA,"",NA,"",-19.1,NA
"2478","Holothuria rigida",NA,"",NA,"","Aspidochirotida",NA,NA,NA,11,"",NA,NA,NA,NA,NA,"",NA,NA,"",NA,NA,"",NA,NA,NA,"",NA,NA,NA,NA,NA,NA,NA,NA,"",NA,NA,NA,NA,NA,"Holothuriidae","",NA,NA,"",NA,NA,"4E7CE2FC-952F-413E-B8A0-6F15DE4C30ED",NA,NA,NA,"","",NA,"",NA,"",NA,"Selenka",NA,"",NA,2,-159.8,NA,NA,NA,NA,"","",NA,NA,"",NA,NA,NA,NA,NA,"",NA,"872733a2-67a3-4c54-aa76-862735a5f334",NA,"",NA,NA,NA,"PreservedSpecimen",NA,NA,NA,NA,NA,NA,NA,"",NA,"Holothuroidea","",NA,NA,"rigida","",NA,"a74cb10e9062629b10813ba8c1b6d4df408c9211",NA,NA,"09/08/2014","",NA,NA,"",NA,"",NA,NA,"03f8fadf-da93-4583-9d5c-70cb207428e0","03f8fadf-da93-4583-9d5c-70cb207428e0",NA,NA,NA,NA,NA,"",NA,NA,"Holothuria",NA,NA,"",NA,NA,NA,NA,NA,NA,"",NA,"",NA,NA,"",NA,NA,NA,NA,NA,NA,"2014-09-12T09:07:35.341Z",NA,"Invertebrate Zoology",NA,NA,"Cook Islands",NA,"",NA,"","",NA,"",NA,NA,NA,NA,NA,"",NA,"HAIU-021",NA,NA,"","",1986,NA,NA,NA,"","",NA,"",NA,"",NA,"","1992-Echinodermata","",NA,"FLMNH",NA,"Cook Islands",NA,NA,"Aitutaki Island","",NA,NA,NA,"",NA,"",-18.9,NA
"2519","Holothuria rigida",NA,"",NA,"","Aspidochirotida",NA,NA,NA,12,"",NA,NA,NA,NA,NA,"",NA,NA,"",NA,NA,"",NA,NA,NA,"",NA,NA,NA,NA,NA,NA,NA,NA,"",NA,NA,NA,NA,NA,"Holothuriidae","",NA,NA,"",NA,NA,"F6D2AF81-6860-4849-841D-5BC50A7AB5CA",NA,NA,NA,"","",NA,"",NA,"",NA,"Selenka",NA,"",NA,6,-149.8264,NA,NA,NA,NA,"Gustav Paulay","",NA,NA,"",NA,NA,NA,NA,NA,"",NA,"872733a2-67a3-4c54-aa76-862735a5f334",NA,"",NA,NA,NA,"PreservedSpecimen",NA,NA,NA,NA,NA,NA,NA,"",NA,"Holothuroidea","",NA,NA,"rigida","",NA,"6d7852ebefe6f9587a28164b1096e12e88d8db64",NA,NA,"09/08/2014","",NA,NA,"",NA,"",NA,NA,"3d23598d-9985-4088-87a0-aaf8c1b77faf","3d23598d-9985-4088-87a0-aaf8c1b77faf",NA,NA,NA,NA,NA,"",NA,NA,"Holothuria",NA,NA,"",NA,NA,NA,NA,NA,NA,"",NA,"",NA,NA,"",NA,NA,NA,NA,NA,NA,"2014-09-12T10:07:19.432Z",NA,"Invertebrate Zoology",NA,NA,"Society Islands",NA,"",NA,"","",NA,"",NA,NA,NA,NA,NA,"",NA,"GP-Loc-858",NA,NA,"","",2006,NA,NA,NA,"","",NA,"",NA,"",NA,"","5249-Echinodermata","",NA,"FLMNH",NA,"French Polynesia",NA,NA,"Moorea Island","",NA,NA,NA,"",NA,"",-17.4875,NA
"2531","Holothuria rigida",NA,"",NA,"","Aspidochirotida",NA,NA,NA,2,"",NA,NA,NA,NA,NA,"",NA,NA,"",NA,NA,"",NA,NA,NA,"",NA,NA,NA,NA,NA,NA,NA,NA,"",NA,NA,NA,NA,NA,"Holothuriidae","",NA,NA,"",NA,NA,"A983FA5F-7B0B-4CFC-BC7B-0544570C7D04",NA,NA,NA,"","",NA,"",NA,"",NA,"Selenka",NA,"",NA,2,NA,NA,NA,NA,NA,"","",NA,NA,"",NA,NA,NA,NA,NA,"",NA,"872733a2-67a3-4c54-aa76-862735a5f334",NA,"",NA,NA,NA,"PreservedSpecimen",NA,NA,NA,NA,NA,NA,NA,"",NA,"Holothuroidea","",NA,NA,"rigida","",NA,"9d74d916a4173a91e203f897fd0ef0633d3762fb",NA,NA,"09/08/2014","",NA,NA,"",NA,"",NA,NA,"6a775503-0fea-46e5-9723-b31b961d5f22","6a775503-0fea-46e5-9723-b31b961d5f22",NA,NA,NA,NA,NA,"",NA,NA,"Holothuria",NA,NA,"",NA,NA,NA,NA,NA,NA,"",NA,"",NA,NA,"",NA,NA,NA,NA,NA,NA,"2014-09-12T11:05:56.405Z",NA,"Invertebrate Zoology",NA,NA,"Fiji Islands",NA,"",NA,"","",NA,"",NA,NA,NA,NA,NA,"",NA,"BFIJI-418A",NA,NA,"","",1989,NA,NA,NA,"","",NA,"",NA,"",NA,"","2018-Echinodermata","",NA,"FLMNH",NA,"Fiji",NA,NA,"Viti Levu Island","",NA,NA,NA,"",NA,"",NA,NA
"2534","Holothuria rigida",NA,"",NA,"","Aspidochirotida",NA,NA,NA,14,"",NA,NA,NA,NA,NA,"",NA,NA,"",NA,NA,"",NA,NA,NA,"",NA,NA,NA,NA,NA,NA,NA,NA,"",NA,NA,NA,NA,NA,"Holothuriidae","",NA,NA,"",NA,NA,"2A44DA0C-2829-4D8B-B54E-549DFE826B8B",NA,NA,NA,"","",NA,"",NA,"",NA,"Selenka",NA,"",NA,10,-166.1857,NA,NA,NA,NA,"Rusty Brainard, Gustav Paulay, Sea McKeon, Brian Zgliczynski, Tito Lotufo, Jim Maragos, Scott Godwin & John Starmer","",NA,NA,"",NA,NA,NA,NA,NA,"",NA,"872733a2-67a3-4c54-aa76-862735a5f334",NA,"",NA,NA,NA,"PreservedSpecimen",NA,NA,NA,NA,NA,NA,NA,"",NA,"Holothuroidea","",NA,NA,"rigida","",NA,"29f1773c9c6c8e67a80aa45fb0c827793cdbdb0a",NA,NA,"09/08/2014","",NA,NA,"",NA,"",NA,NA,"28c56fa6-9630-461b-8a77-2eeb9f116b31","28c56fa6-9630-461b-8a77-2eeb9f116b31",NA,NA,NA,NA,NA,"",NA,NA,"Holothuria",NA,NA,"",NA,NA,NA,NA,NA,NA,"",NA,"",NA,NA,"",NA,NA,NA,NA,NA,NA,"2014-09-12T10:22:28.288Z",NA,"Invertebrate Zoology",NA,NA,"Hawaiian Islands",NA,"",NA,"","",NA,"",NA,NA,NA,NA,NA,"",NA,"FFS-0050",NA,NA,"","",2006,NA,NA,NA,"","",NA,"",NA,"",NA,"","6105-Echinodermata","",NA,"FLMNH",NA,"USA",NA,NA,"French Frigate Shoals","",NA,NA,NA,"",NA,"",23.6347,NA
"2553","Holothuria rigida",NA,"",NA,"","Aspidochirotida",NA,NA,NA,15,"",NA,NA,NA,NA,NA,"",NA,NA,"",NA,NA,"",NA,NA,NA,"",NA,NA,NA,NA,NA,NA,NA,NA,"",NA,NA,NA,NA,NA,"Holothuriidae","",NA,NA,"",NA,NA,"B1A14698-BF0D-4E9F-9A79-8A48FAE8C106",NA,NA,NA,"","",NA,"",NA,"",NA,"Selenka",NA,"",NA,2,NA,NA,NA,NA,NA,"François Michonneau, Molly Timmers","",NA,NA,"",NA,NA,NA,NA,NA,"",NA,"872733a2-67a3-4c54-aa76-862735a5f334",NA,"",NA,NA,NA,"PreservedSpecimen",NA,NA,NA,NA,NA,NA,NA,"",NA,"Holothuroidea","",NA,NA,"rigida","",NA,"52bb46940f81c3911fec9f250c5325ecc05ff45e",NA,NA,"09/08/2014","",NA,NA,"",NA,"",NA,NA,"296a6d89-c544-4472-ac4b-1fa75d5bfc15","296a6d89-c544-4472-ac4b-1fa75d5bfc15",NA,NA,NA,NA,NA,"",NA,NA,"Holothuria",NA,NA,"",NA,NA,NA,NA,NA,NA,"",NA,"",NA,NA,"",NA,NA,NA,NA,NA,NA,"2014-09-12T13:04:31.662Z",NA,"Invertebrate Zoology",NA,NA,"Queensland",NA,"",NA,"","",NA,"",NA,NA,NA,NA,NA,"",NA,"AUST-ST-045",NA,NA,"","",2009,NA,NA,NA,"","",NA,"",NA,"",NA,"","8323-Echinodermata","",NA,"FLMNH",NA,"Australia",NA,NA,"","",NA,NA,NA,"",NA,"",NA,NA
"2562","Holothuria rigida",NA,"",NA,"","Aspidochirotida",NA,NA,NA,NA,"",NA,NA,NA,NA,NA,"",NA,NA,"",NA,NA,"",NA,NA,NA,"",NA,NA,NA,NA,NA,NA,NA,NA,"",NA,NA,NA,NA,NA,"Holothuriidae","",NA,NA,"",NA,NA,"A9E15278-F7CB-47E9-91A8-3E72C8DB735B",NA,NA,NA,"","",NA,"",NA,"",NA,"Selenka",NA,"",NA,NA,NA,NA,NA,NA,NA,"Starmer, J.","",NA,NA,"",NA,NA,NA,NA,NA,"",NA,"872733a2-67a3-4c54-aa76-862735a5f334",NA,"",NA,NA,NA,"PreservedSpecimen",NA,NA,NA,NA,NA,NA,NA,"",NA,"Holothuroidea","",NA,NA,"rigida","",NA,"fda0c694e0363b1faf87fd544d4b97d2c709decf",NA,NA,"09/08/2014","",NA,NA,"",NA,"",NA,NA,"0329061f-4eda-442f-ad6d-7815012fc302","0329061f-4eda-442f-ad6d-7815012fc302",NA,NA,NA,NA,NA,"",NA,NA,"Holothuria",NA,NA,"",NA,NA,NA,NA,NA,NA,"",NA,"",NA,NA,"",NA,NA,NA,NA,NA,NA,"2014-09-12T18:43:38.436Z",NA,"Invertebrate Zoology",NA,NA,"",NA,"",NA,"","",NA,"",NA,NA,NA,NA,NA,"",NA,"JAS-BEL-554",NA,NA,"","",NA,NA,NA,NA,"","",NA,"",NA,"",NA,"","3640-Echinodermata","",NA,"FLMNH",NA,"Palau",NA,NA,"","",NA,NA,NA,"",NA,"",NA,NA
"2647","Holothuria rigida",NA,"",NA,"","",NA,NA,NA,16,"",NA,NA,NA,NA,NA,"",NA,NA,"",NA,NA,"",NA,NA,NA,"",NA,NA,NA,NA,NA,NA,NA,NA,"",NA,NA,NA,NA,NA,"Holothuriidae","",NA,NA,"en",NA,NA,"urn:catalog:CAS:IZ:117978",NA,NA,NA,"","",NA,"1972-11-16 00:00:00.0",NA,"Animalia",NA,"(Selenka, 1867)",NA,"",NA,11,NA,NA,NA,321,NA,"A.J. Ferreira","",NA,NA,"",NA,NA,NA,NA,NA,"",NA,"872733a2-67a3-4c54-aa76-862735a5f334",NA,"16 Nov 1972",NA,NA,NA,"PreservedSpecimen",NA,NA,NA,NA,NA,NA,NA,"",NA,"","",NA,NA,"rigida","75% EtOH",NA,"8d5442082efe1ec2cd866dc18335f3c1d93007e6",NA,NA,"","",NA,NA,"",NA,"",NA,NA,"74e1ca37-9a07-496d-a8b4-a335895ee3fd","74e1ca37-9a07-496d-a8b4-a335895ee3fd",NA,NA,NA,NA,NA,"",NA,NA,"Holothuria",NA,NA,"PhysicalObject",NA,NA,NA,NA,NA,NA,"",1,"ECHINODERMATA",NA,NA,"",NA,NA,NA,NA,NA,NA,"2014-03-20T21:07:12.109Z",NA,"IZ",NA,NA,"",NA,"",NA,"Animalia: ECHINODERMATA: HOLOTHUROIDEA: ASPIDOCHIROTIA: ASPIDOCHIROTIDA: Holothuriidae","1999-06-24 00:00:00.0",NA,"MEXICO: Baja California Sur: Pulmo Reef",NA,NA,NA,NA,NA,"",NA,"",NA,NA,"","",1972,NA,NA,NA,"","",NA,"",NA,"",NA,"","117978.0","",NA,"CAS",NA,"Mexico",NA,NA,"","",NA,NA,NA,"",NA,"Francisco Solis-Marin",NA,NA
"2748","Holothuria rigida",NA,"",NA,"","Aspidochirotida",NA,NA,NA,15,"",NA,NA,NA,NA,NA,"",NA,NA,"",NA,NA,"",NA,NA,NA,"",NA,NA,NA,NA,NA,NA,NA,NA,"",NA,NA,NA,NA,NA,"Holothuriidae","",NA,NA,"",NA,NA,"F1A05396-413E-4970-9967-D1E99565E7CB",NA,NA,NA,"","",NA,"",NA,"",NA,"Selenka",NA,"",NA,11,145.798438,NA,NA,NA,NA,"Yasunori Kano, Pierre Lozouet, John Slapcinsky, Timea Neusser, Bastian Brenzinger, Audrey Espalieu, Ken Ganzik, Dave Anan, Graham Kaina, Mande Holford","",NA,NA,"",NA,NA,NA,NA,NA,"",NA,"872733a2-67a3-4c54-aa76-862735a5f334",NA,"",NA,NA,NA,"PreservedSpecimen",NA,NA,NA,NA,NA,NA,NA,"",NA,"Holothuroidea","",NA,NA,"rigida","",NA,"0b44e642358ce6369b8ed5344f9998d239b0745a",NA,NA,"09/08/2014","",NA,NA,"",NA,"",NA,NA,"fc0e6655-4cb5-4083-9a6e-6f17762dfe8e","fc0e6655-4cb5-4083-9a6e-6f17762dfe8e",NA,NA,NA,NA,NA,"",NA,NA,"Holothuria",NA,NA,"",NA,NA,NA,NA,NA,NA,"",NA,"",NA,NA,"",NA,NA,NA,NA,NA,NA,"2014-09-12T13:50:18.378Z",NA,"Invertebrate Zoology",NA,NA,"Madang Province",NA,"",NA,"","",NA,"",NA,NA,NA,NA,NA,"",NA,"PM25",NA,NA,"","",2012,NA,NA,NA,"","",NA,"",NA,"",NA,"","14799-Echinodermata","",NA,"FLMNH",NA,"Papua New Guinea",NA,NA,"","",NA,NA,NA,"",NA,"",-5.019131,NA
"2760","Holothuria rigida",NA,"",NA,"","Aspidochirotida",NA,NA,NA,13,"",NA,NA,NA,NA,NA,"",NA,NA,"",NA,NA,"",NA,NA,NA,"",NA,NA,NA,NA,NA,NA,NA,NA,"",NA,NA,NA,NA,NA,"Holothuriidae","",NA,NA,"",NA,NA,"D3E855F2-A2CD-47F8-A1C5-7804179A8B43",NA,NA,NA,"","",NA,"",NA,"",NA,"Selenka",NA,"",NA,10,-166.0738,NA,NA,NA,NA,"Rusty Brainard, Brian Zgliczynski, Gustav Paulay, Sea McKeon, Emmanuel Soto, Jim Maragos, Scott Godwin & John Starmer","",NA,NA,"",NA,NA,NA,NA,NA,"",NA,"872733a2-67a3-4c54-aa76-862735a5f334",NA,"",NA,NA,NA,"PreservedSpecimen",NA,NA,NA,NA,NA,NA,NA,"",NA,"Holothuroidea","",NA,NA,"rigida","",NA,"53617b35fc391c29a8bf73eddeb772a06c3613fb",NA,NA,"09/08/2014","",NA,NA,"",NA,"",NA,NA,"9e923c22-7c9d-41a7-95f2-7175149b6b80","9e923c22-7c9d-41a7-95f2-7175149b6b80",NA,NA,NA,NA,NA,"",NA,NA,"Holothuria",NA,NA,"",NA,NA,NA,NA,NA,NA,"",NA,"",NA,NA,"",NA,NA,NA,NA,NA,NA,"2014-09-12T17:35:47.918Z",NA,"Invertebrate Zoology",NA,NA,"Hawaiian Islands",NA,"",NA,"","",NA,"",NA,NA,NA,NA,NA,"",NA,"FFS-0034",NA,NA,"","",2006,NA,NA,NA,"","",NA,"",NA,"",NA,"","6085-Echinodermata","",NA,"FLMNH",NA,"USA",NA,NA,"French Frigate Shoals","",NA,NA,NA,"",NA,"",23.6577,NA
"2902","Holothuria rigida",NA,"",NA,"","Aspidochirotida",NA,NA,NA,19,"",NA,NA,NA,NA,NA,"",NA,NA,"",NA,NA,"",NA,NA,NA,"",NA,NA,NA,NA,NA,NA,NA,NA,"",NA,NA,NA,NA,NA,"Holothuriidae","",NA,NA,"",NA,NA,"809959FB-4005-41F1-A595-411D02F0C6FD",NA,NA,NA,"","",NA,"",NA,"",NA,"Selenka",NA,"",NA,10,-166.0778,NA,NA,NA,NA,"Scott Godwin, Elizabeth Keenan, Rusty Brainard & Brian Zgliczynski","",NA,NA,"",NA,NA,NA,NA,NA,"",NA,"872733a2-67a3-4c54-aa76-862735a5f334",NA,"",NA,NA,NA,"PreservedSpecimen",NA,NA,NA,NA,NA,NA,NA,"",NA,"Holothuroidea","",NA,NA,"rigida","",NA,"068fef0a9b554aa7bdaf2a2a2e9407f8d72140f7",NA,NA,"09/08/2014","",NA,NA,"",NA,"",NA,NA,"4e30502b-baf6-4871-9f05-1f53086a83f6","4e30502b-baf6-4871-9f05-1f53086a83f6",NA,NA,NA,NA,NA,"",NA,NA,"Holothuria",NA,NA,"",NA,NA,NA,NA,NA,NA,"",NA,"",NA,NA,"",NA,NA,NA,NA,NA,NA,"2014-09-12T17:33:14.837Z",NA,"Invertebrate Zoology",NA,NA,"Hawaiian Islands",NA,"",NA,"","",NA,"",NA,NA,NA,NA,NA,"",NA,"FFS-0119",NA,NA,"","",2006,NA,NA,NA,"","",NA,"",NA,"",NA,"","6187-Echinodermata","",NA,"FLMNH",NA,"USA",NA,NA,"French Frigate Shoals","",NA,NA,NA,"",NA,"",23.6565,NA
