"","dcterms.modified","dwc.subgenus","dwc.typeStatus","dwc.earliestEpochOrLowestSeries","dwc.locality","idigbio.dateModified","dwc.higherClassification","dwc.collectionID","dwc.verbatimCoordinateSystem","idigbio.recordId","idigbio.associatedFamily","fcc.datePicked","dwc.preparations","dwc.recordNumber","dwc.geodeticDatum","dwc.country","inhs.formII_females","dwc.verbatimElevation","dwc.month","dwc.earliestPeriodOrLowestSystem","inhs.superfamily","dwc.individualID","dwc.earliestAgeOrLowestStage","idigbio.associateCommonName","dwc.VerbatimEventDate","dwc.otherCatalogNumbers","idigbio.preservative","idigbio.recordIds","dwc.originalNameUsage","dwc.dataGeneralizations","symbiota.verbatimScientificName","dwc.behavior","dwc.identificationReferences","dwc.samplingEffort","row.number","dcterms.references","dwc.georeferenceVerificationStatus","dwc.verbatimLongitude","dwc.identificationRemarks","dcterms.type","idigbio.uuid","dwc.verbatimDepth","dwc.previousIdentifications","dwc.identificationID","dwc.municipality","dwc.scientificName","inhs.location_Stream","idigbio.endangeredStatus","inhs.juv_males","dwc.vernacularName","dwc.verbatimLatitude","inhs.vouchered","dwc.locationID","dwc.dynamicProperties","dcterms.rightsHolder","dwc.group","dwc.locationAccordingTo","inhs.juv_undetermined","dwc.islandGroup","dwc.samplingProtocol","inhs.location_RiverMile","dwc.taxonID","inhs.live","dwc.scientificNameAuthorship","idigbio.subgenus","idigbio.associateCondition","inhs.instars_Male","idigbio.associatedRelationship","dwc.taxonRank","inhs.total_females","dwc.ownerInstitutionCode","dwc.occurrenceStatus","dwc.minimumElevationInMeters","dwc.preparation","dwc.basisOfRecord","dwc.startDayOfYear","dwc.fieldNumber","dwc.order","dwc.infraspecificEpithet","dwc.latestAgeOrHighestStage","dwc.associatedMedia","dwc.eventTime","dcterms.reference","dwc.stateProvince","dwc.latestEpochOrHighestSeries","dwc.member","idigbio.determinationHistory","dwc.collectionCode","dwc.associatedReferences","dwc.identificationVerificationStatus","inhs.juv_females","idigbio.substrate","dwc.occurrenceID","dwc.georeferencedBy","dcterms.rights","idigbio.tribe","dwc.verbatimTaxonRank","dwc.nomenclaturalStatus","dwc.eventRemarks","dwc.taxonRemarks","dwc.verbatimSRS","dwc.eventID","dwc.institutionCode","dwc.phylum","dwc.scientificNameID","dcterms.language","dwc.latestPeriodOrHighestSystem","dwc.eventDate","dwc.datasetName","dwc.verbatimEventDate","dwc.namePublishedInID","inhs.formII_males","dwc.catalogNumber","idigbio.associateIdentifier","dwc.georeferenceRemarks","idigbio.recordID","dwc.waterBody","dwc.rightsHolder","dwc.establishmentMeans","idigbio.associateNotes","dwc.associatedSequences","inhs.location_Basin","dwc.nomenclaturalCode","fcc.pickedBy","dwc.maximumElevationInMeters","dwc.datasetID","dwc.associatedOccurrences","idigbio.associateDeterminedBy","dwc.kingdom","idigbio.etag","dwc.georeferenceSources","dwc.fieldNotes","dwc.family","dwc.formation","dwc.lowestBiostratigraphicZone","dwc.disposition","inhs.locationTrs","dwc.locationRemarks","dwc.associatedTaxa","dwc.informationWithheld","id","dwc.recordedBy","dwc.dateIdentified","dwc.countryCode","dwc.year","fcc.superfamily","dwc.bed","dwc.accessRights","dwc.decimalLongitude","dwc.decimalLatitude","idigbio.version","dwc.nameAccordingTo","dwc.latestEraOrHighestErathem","dwc.sex","inhs.relic","dwc.verbatimLocality","dwc.relatedResourceID","inhs.instars_Female","dwc.lithostratigraphicTerms","dwc.specificEpithet","inhs.formI_males","idigbio.subfamily","idigbio.createdBy","idigbio.associateRelationship","dwc.class","dwc.continent","dwc.namePublishedIn","dwc.habitat","dwc.georeferenceProtocol","dwc.higherGeography","dwc.earliestEraOrLowestErathem","dwc.rights","dwc.occurrenceRemarks","inhs.total_Males","dwc.maximumDepthInMeters","dwc.coordinatePrecision","dwc.coordinateUncertaintyInMeters","dwc.individualCount","dwc.identificationQualifier","dwc.lifeStage","idigbio.barcodeValue","dwc.identifiedBy","dwc.reproductiveCondition","dwc.institutionID","dwc.footprintWKT","idigbio.associateAuthor","idigbio.hostFamily","http...symbiota.org.terms.verbatimScientificName","dwc.genus","dcterms.accessRights","symbiotaverbatimScientificName","inhs.dead","fcc.subfamily","dwc.county","dwc.endDayOfYear","dwc.verbatimCoordinates","dwc.island","dwc.day","dwc.georeferencedDate","dwc.minimumDepthInMeters","idigbio.preparationCount","dcterms.source","dcterms.bibliographicCitation"
"23","2014-05-22 11:02:26.0",NA,"",NA,"United States, Hawaii, Maui Island, Lahaina","2014-06-18T05:06:08.443Z","Animalia Echinodermata Holothuroidea Aspidochirotida Holothuriidae Holothuria (Lessonothuria) pardalis",NA,"",NA,NA,NA,"whole animal (70% ethanol)","","","",NA,NA,NA,NA,NA,NA,NA,NA,NA,"",NA,NA,NA,NA,NA,NA,NA,NA,NA,"http://mczbase.mcz.harvard.edu/guid/MCZ:IZ:HOL-961",NA,"","","PhysicalObject","000010c5-9f53-40a8-bcbc-aed1b64a620c","",NA,NA,NA,"Holothuria (Lessonothuria) pardalis",NA,NA,NA,NA,"",NA,"","","President and Fellows of Harvard College",NA,NA,NA,NA,"",NA,NA,NA,"Selenka, 1867",NA,NA,NA,NA,NA,NA,"Museum of Comparative Zoology, Harvard University",NA,NA,NA,"PreservedSpecimen",0,"","Aspidochirotida","",NA,"http://mczbase.mcz.harvard.edu/guid/MCZ:IZ:HOL-961",NA,NA,"",NA,NA,NA,"IZ","","",NA,NA,"MCZ:IZ:HOL-961","",NA,NA,NA,NA,"",NA,NA,NA,"MCZ","Echinodermata",NA,"en",NA,"1913-12-06",NA,"December 6, 1913",NA,NA,"HOL-961",NA,"",NA,"",NA,NA,NA,NA,NA,"ICZN",NA,NA,NA,"",NA,"Animalia","8c34cd5f798a669a051d19936e193ee9861f1eed","",NA,"Holothuriidae",NA,NA,"not applicable",NA,"",NA,NA,"000010c5-9f53-40a8-bcbc-aed1b64a620c","Hubert Lyman Clark, Carnegie Expedition to the Torres Strait","",NA,NA,NA,NA,NA,NA,NA,NA,NA,NA,"",NA,NA,NA,NA,NA,"pardalis",NA,NA,"872733a2-67a3-4c54-aa76-862735a5f334",NA,"Holothuroidea","Pacific Ocean",NA,"","","Pacific Ocean, Pacific, Eastern Central",NA,NA,NA,NA,NA,NA,NA,1,NA,NA,NA,"[no agent data]",NA,"b4640710-8e03-11d8-b956-b8a03c50a862",NA,NA,NA,NA,"Holothuria",NA,NA,NA,NA,"",NA,"",NA,NA,NA,NA,NA,NA,NA
"32","2014-06-16 10:33:20.0",NA,"",NA,"Republic of the Philippines, Mindoro Island, Port Galera","2014-07-12T21:20:15.977Z","Animalia Echinodermata Holothuroidea Aspidochirotida Holothuriidae Holothuria (Lessonothuria) pardalis",NA,"decimal degrees",NA,NA,NA,"whole animal (70% ethanol)","","WGS84","",NA,NA,NA,NA,NA,NA,NA,NA,NA,"",NA,NA,NA,NA,NA,NA,NA,NA,NA,"http://mczbase.mcz.harvard.edu/guid/MCZ:IZ:HOL-1109",NA,"120.953295d","Color in life: Light green, the markings black: Pale green, with cross bands of darker green over the back. Prickles of back pale green.","PhysicalObject","c00db556-a0f7-4abc-85ac-5ced6825f2d8","",NA,NA,NA,"Holothuria (Lessonothuria) pardalis",NA,NA,NA,NA,"13.506196d",NA,"","","President and Fellows of Harvard College",NA,NA,NA,NA,"",NA,NA,NA,"Selenka, 1867",NA,NA,NA,NA,NA,NA,"Museum of Comparative Zoology, Harvard University",NA,NA,NA,"PreservedSpecimen",0,"","Aspidochirotida","",NA,"http://mczbase.mcz.harvard.edu/guid/MCZ:IZ:HOL-1109",NA,NA,"",NA,NA,NA,"IZ","","unverified",NA,NA,"MCZ:IZ:HOL-1109","Jessica Anne Mullen",NA,NA,NA,NA,"",NA,NA,NA,"MCZ","Echinodermata",NA,"en",NA,"1912-04-01/1912-04-30",NA,"April 1912",NA,NA,"HOL-1109",NA,"",NA,"",NA,NA,NA,NA,NA,"ICZN",NA,NA,NA,"",NA,"Animalia","6e348430bc2dde548a958ef3fa87391550e2da7d","GEOLocate",NA,"Holothuriidae",NA,NA,"not applicable",NA,"",NA,NA,"c00db556-a0f7-4abc-85ac-5ced6825f2d8","Alvin Seale, Philippine Marine Biological Station","",NA,NA,NA,NA,NA,120.953295,13.506196,NA,NA,NA,"",NA,NA,NA,NA,NA,"pardalis",NA,NA,"872733a2-67a3-4c54-aa76-862735a5f334",NA,"Holothuroidea","Pacific Ocean",NA,"","GEOLocate","Pacific Ocean, Pacific, Western Central",NA,NA,NA,NA,NA,401,401,1,NA,NA,NA,"[no agent data]",NA,"b4640710-8e03-11d8-b956-b8a03c50a862",NA,NA,NA,NA,"Holothuria",NA,NA,NA,NA,"",NA,"",NA,NA,NA,NA,NA,NA,NA
"61","2014-05-22 14:02:46.0",NA,"",NA,"Indonesia, Bay of Batavia","2014-07-13T01:09:07.095Z","Animalia Echinodermata Holothuroidea Aspidochirotida Holothuriidae Holothuria (Lessonothuria) pardalis",NA,"",NA,NA,NA,"whole animal (70% ethanol)","","","",NA,NA,NA,NA,NA,NA,NA,NA,NA,"",NA,NA,NA,NA,NA,NA,NA,NA,NA,"http://mczbase.mcz.harvard.edu/guid/MCZ:IZ:HOL-1849",NA,"","","PhysicalObject","4190e425-843e-4565-80d3-f88919940537","",NA,NA,NA,"Holothuria (Lessonothuria) pardalis",NA,NA,NA,NA,"",NA,"","","President and Fellows of Harvard College",NA,NA,NA,NA,"",NA,NA,NA,"Selenka, 1867",NA,NA,NA,NA,NA,NA,"Museum of Comparative Zoology, Harvard University",NA,NA,NA,"PreservedSpecimen",0,"","Aspidochirotida","",NA,"http://mczbase.mcz.harvard.edu/guid/MCZ:IZ:HOL-1849",NA,NA,"",NA,NA,NA,"IZ","","",NA,NA,"MCZ:IZ:HOL-1849","",NA,NA,NA,NA,"",NA,NA,NA,"MCZ","Echinodermata",NA,"en",NA,"1700-01-01/2014-05-02",NA,"[date unknown]",NA,NA,"HOL-1849",NA,"",NA,"",NA,NA,NA,NA,NA,"ICZN",NA,NA,NA,"",NA,"Animalia","a7fb974d247bb15f588477d48e8204b207096235","",NA,"Holothuriidae",NA,NA,"not applicable",NA,"",NA,NA,"4190e425-843e-4565-80d3-f88919940537","Carel Philip Sluiter","",NA,NA,NA,NA,NA,NA,NA,NA,NA,NA,"",NA,NA,NA,NA,NA,"pardalis",NA,NA,"872733a2-67a3-4c54-aa76-862735a5f334",NA,"Holothuroidea","Pacific Ocean",NA,"","","Pacific Ocean, Pacific, Western Central",NA,NA,NA,NA,NA,NA,NA,1,NA,NA,NA,"[no agent data]",NA,"b4640710-8e03-11d8-b956-b8a03c50a862",NA,NA,NA,NA,"Holothuria",NA,NA,NA,NA,"",NA,"",NA,NA,NA,NA,NA,NA,NA
"64","2014-06-09 14:24:30.0",NA,"",NA,"Australia, Queensland, Torres Strait, Murray Islands (Mer)","2014-07-12T21:35:52.986Z","Animalia Echinodermata Holothuroidea Aspidochirotida Holothuriidae Holothuria (Lessonothuria) pardalis",NA,"decimal degrees",NA,NA,NA,"whole animal (70% ethanol)","","WGS84","",NA,NA,NA,NA,NA,NA,NA,NA,NA,"",NA,NA,NA,NA,NA,NA,NA,NA,NA,"http://mczbase.mcz.harvard.edu/guid/MCZ:IZ:HOL-1053",NA,"144.05164d","","PhysicalObject","bc2dcecd-17ba-4877-9fa8-770cafbf6db7","",NA,NA,NA,"Holothuria (Lessonothuria) pardalis",NA,NA,NA,NA,"-9.91518d",NA,"","","President and Fellows of Harvard College",NA,NA,NA,NA,"",NA,NA,NA,"Selenka, 1867",NA,NA,NA,NA,NA,NA,"Museum of Comparative Zoology, Harvard University",NA,NA,NA,"PreservedSpecimen",0,"","Aspidochirotida","",NA,"http://mczbase.mcz.harvard.edu/guid/MCZ:IZ:HOL-1053",NA,NA,"",NA,NA,NA,"IZ","","unverified",NA,NA,"MCZ:IZ:HOL-1053","Jessica Anne Mullen",NA,NA,NA,NA,"",NA,NA,NA,"MCZ","Echinodermata",NA,"en",NA,"1913-10-01/1913-10-31",NA,"October 1913",NA,NA,"HOL-1053",NA,"",NA,"",NA,NA,NA,NA,NA,"ICZN",NA,NA,NA,"",NA,"Animalia","0b85649cf206bf56eb48da40e9ab368ed098d537","GEOLocate",NA,"Holothuriidae",NA,NA,"not applicable",NA,"",NA,NA,"bc2dcecd-17ba-4877-9fa8-770cafbf6db7","Carnegie Expedition to the Torres Strait, Hubert Lyman Clark","",NA,NA,NA,NA,NA,144.05164,-9.91518,NA,NA,NA,"",NA,NA,NA,NA,NA,"pardalis",NA,NA,"872733a2-67a3-4c54-aa76-862735a5f334",NA,"Holothuroidea","Pacific Ocean",NA,"","GEOLocate","Pacific Ocean, Pacific, Western Central",NA,NA,NA,NA,NA,2768,2768,1,NA,NA,NA,"[no agent data]",NA,"b4640710-8e03-11d8-b956-b8a03c50a862",NA,NA,NA,NA,"Holothuria",NA,NA,NA,NA,"",NA,"",NA,NA,NA,NA,NA,NA,NA
"357","2014-06-18 15:18:05.0",NA,"",NA,"Australia, New South Wales, Lord Howe Island","2014-07-13T03:45:56.016Z","Animalia Echinodermata Holothuroidea Aspidochirotida Holothuriidae Holothuria (Lessonothuria) pardalis",NA,"decimal degrees",NA,NA,NA,"whole animal (70% ethanol)","","WGS84","",NA,NA,NA,NA,NA,NA,NA,NA,NA,"",NA,NA,NA,NA,NA,NA,NA,NA,NA,"http://mczbase.mcz.harvard.edu/guid/MCZ:IZ:HOL-1543",NA,"159.0727d","","PhysicalObject","b20572a0-836b-44f8-86ee-ebbf6d910000","",NA,NA,NA,"Holothuria (Lessonothuria) pardalis",NA,NA,NA,NA,"-31.532389d",NA,"","","President and Fellows of Harvard College",NA,NA,NA,NA,"",NA,NA,NA,"Selenka, 1867",NA,NA,NA,NA,NA,NA,"Museum of Comparative Zoology, Harvard University",NA,NA,NA,"PreservedSpecimen",0,"","Aspidochirotida","",NA,"http://mczbase.mcz.harvard.edu/guid/MCZ:IZ:HOL-1543",NA,NA,"",NA,NA,NA,"IZ","","migration",NA,NA,"MCZ:IZ:HOL-1543","Penny Benson",NA,NA,NA,NA,"",NA,NA,NA,"MCZ","Echinodermata",NA,"en",NA,"1932-04-01/1932-04-30",NA,"April 1932",NA,NA,"HOL-1543",NA,"",NA,"",NA,NA,NA,NA,NA,"ICZN",NA,NA,NA,"",NA,"Animalia","18022a168a36a9eb48c4819e3c6549e7bf1392f8","GEOLocate",NA,"Holothuriidae",NA,NA,"not applicable",NA,"",NA,NA,"b20572a0-836b-44f8-86ee-ebbf6d910000","Hubert Lyman Clark, Harvard Australia Expedition 1931-1932","",NA,NA,NA,NA,NA,159.0727,-31.532389,NA,NA,NA,"",NA,NA,NA,NA,NA,"pardalis",NA,NA,"872733a2-67a3-4c54-aa76-862735a5f334",NA,"Holothuroidea","Pacific Ocean",NA,"","GEOLocate","Pacific Ocean, Pacific, Southwest",NA,NA,NA,NA,NA,12662,12662,1,NA,NA,NA,"[no agent data]",NA,"b4640710-8e03-11d8-b956-b8a03c50a862",NA,NA,NA,NA,"Holothuria",NA,NA,NA,NA,"",NA,"",NA,NA,NA,NA,NA,NA,NA
"613","2013-01-10 11:11:11.0",NA,"",NA,"off Queensland; Cumberland Grp., NE of Hayman Is., Great Barrier Reef,  Hook Reef [Australia]","2014-07-13T01:35:26.352Z","Animalia Echinodermata Holothuroidea Aspidochirotida Holothuriidae Holothuria (Lessonothuria) pardalis",NA,"",NA,NA,NA,"whole animal (dry)","","","",NA,NA,NA,NA,NA,NA,NA,NA,NA,"",NA,NA,NA,NA,NA,NA,NA,NA,NA,"http://mczbase.mcz.harvard.edu/guid/MCZ:IZ:HOL-4087",NA,"","Found dry on shelf in April 2007 by GCB.","PhysicalObject","5954e08d-132d-4d7b-99d7-b6846b5ed59b","",NA,NA,NA,"Holothuria (Lessonothuria) pardalis",NA,NA,NA,NA,"",NA,"","","President and Fellows of Harvard College",NA,NA,NA,NA,"",NA,NA,NA,"Selenka, 1867",NA,NA,NA,NA,NA,NA,"Museum of Comparative Zoology, Harvard University",NA,NA,NA,"PreservedSpecimen",0,"","Aspidochirotida","",NA,"http://mczbase.mcz.harvard.edu/guid/MCZ:IZ:HOL-4087",NA,NA,"",NA,NA,NA,"IZ","","",NA,NA,"MCZ:IZ:HOL-4087","",NA,NA,NA,NA,"",NA,NA,NA,"MCZ","Echinodermata",NA,"en",NA,"1700-01-01/2012-06-19",NA,"[no date data]",NA,NA,"HOL-4087",NA,"",NA,"",NA,NA,NA,NA,NA,"ICZN",NA,NA,NA,"",NA,"Animalia","b4ae8c66260166f78bbd97dbcde06a66998321a4","",NA,"Holothuriidae",NA,NA,"not applicable",NA,"",NA,NA,"5954e08d-132d-4d7b-99d7-b6846b5ed59b","[no agent data]","",NA,NA,NA,NA,NA,NA,NA,NA,NA,NA,"",NA,NA,NA,NA,NA,"pardalis",NA,NA,"872733a2-67a3-4c54-aa76-862735a5f334",NA,"Holothuroidea","Pacific Ocean",NA,"","","Pacific Ocean, Pacific, Western Central",NA,NA,NA,NA,NA,NA,NA,1,NA,NA,NA,"[no agent data]",NA,"b4640710-8e03-11d8-b956-b8a03c50a862",NA,NA,NA,NA,"Holothuria",NA,NA,NA,NA,"",NA,"",NA,NA,NA,NA,NA,NA,NA
"622","2014-05-22 12:02:26.0",NA,"",NA,"Australia, Queensland, Frankland Islands","2014-07-12T16:51:29.044Z","Animalia Echinodermata Holothuroidea Aspidochirotida Holothuriidae Holothuria (Lessonothuria) pardalis",NA,"decimal degrees",NA,NA,NA,"whole animal (70% ethanol)","","WGS84","",NA,NA,NA,NA,NA,NA,NA,NA,NA,"",NA,NA,NA,NA,NA,NA,NA,NA,NA,"http://mczbase.mcz.harvard.edu/guid/MCZ:IZ:HOL-1391",NA,"146.05d","","PhysicalObject","e644db6a-0bce-475b-9838-56893aaf0698","",NA,NA,NA,"Holothuria (Lessonothuria) pardalis",NA,NA,NA,NA,"-17.2d",NA,"","","President and Fellows of Harvard College",NA,NA,NA,NA,"",NA,NA,NA,"Selenka, 1867",NA,NA,NA,NA,NA,NA,"Museum of Comparative Zoology, Harvard University",NA,NA,NA,"PreservedSpecimen",0,"","Aspidochirotida","",NA,"http://mczbase.mcz.harvard.edu/guid/MCZ:IZ:HOL-1391",NA,NA,"",NA,NA,NA,"IZ","","unverified",NA,NA,"MCZ:IZ:HOL-1391","Penny Benson",NA,NA,NA,NA,"",NA,NA,NA,"MCZ","Echinodermata",NA,"en",NA,"1700-01-01/1940-12-31",NA,"[date unknown]",NA,NA,"HOL-1391",NA,"",NA,"",NA,NA,NA,NA,NA,"ICZN",NA,NA,NA,"",NA,"Animalia","e5dfa750e0c16e79388f3e360904f91e7c9f53f7","GEOLocate",NA,"Holothuriidae",NA,NA,"not applicable",NA,"",NA,NA,"e644db6a-0bce-475b-9838-56893aaf0698","[no agent data]","",NA,NA,NA,NA,NA,146.05,-17.2,NA,NA,NA,"",NA,NA,NA,NA,NA,"pardalis",NA,NA,"872733a2-67a3-4c54-aa76-862735a5f334",NA,"Holothuroidea","Pacific Ocean",NA,"","GEOLocate","Pacific Ocean, Pacific, Western Central",NA,NA,NA,NA,NA,301,301,1,NA,NA,NA,"[no agent data]",NA,"b4640710-8e03-11d8-b956-b8a03c50a862",NA,NA,NA,NA,"Holothuria",NA,NA,NA,NA,"",NA,"",NA,NA,NA,NA,NA,NA,NA
"632","2014-05-22 11:02:25.0",NA,"",NA,"Australia, Queensland, Port Mackay","2014-07-13T05:01:58.215Z","Animalia Echinodermata Holothuroidea Aspidochirotida Holothuriidae Holothuria (Lessonothuria) pardalis",NA,"",NA,NA,NA,"whole animal (70% ethanol)","","","",NA,NA,NA,NA,NA,NA,NA,NA,NA,"",NA,NA,NA,NA,NA,NA,NA,NA,NA,"http://mczbase.mcz.harvard.edu/guid/MCZ:IZ:HOL-675",NA,"","","PhysicalObject","97df3a8a-c912-40b4-bf05-32693c83da3f","",NA,NA,NA,"Holothuria (Lessonothuria) pardalis",NA,NA,NA,NA,"",NA,"","","President and Fellows of Harvard College",NA,NA,NA,NA,"",NA,NA,NA,"Selenka, 1867",NA,NA,NA,NA,NA,NA,"Museum of Comparative Zoology, Harvard University",NA,NA,NA,"PreservedSpecimen",0,"","Aspidochirotida","",NA,"http://mczbase.mcz.harvard.edu/guid/MCZ:IZ:HOL-675",NA,NA,"",NA,NA,NA,"IZ","","",NA,NA,"MCZ:IZ:HOL-675","",NA,NA,NA,NA,"",NA,NA,NA,"MCZ","Echinodermata",NA,"en",NA,"1873-01-01/1873-12-31",NA,"1873",NA,NA,"HOL-675",NA,"",NA,"",NA,NA,NA,NA,NA,"ICZN",NA,NA,NA,"",NA,"Animalia","6c82c8c371cda5c0be5dab14149d78378e4ccc77","",NA,"Holothuriidae",NA,NA,"not applicable",NA,"",NA,NA,"97df3a8a-c912-40b4-bf05-32693c83da3f","Carl Semper","",NA,NA,NA,NA,NA,NA,NA,NA,NA,NA,"",NA,NA,NA,NA,NA,"pardalis",NA,NA,"872733a2-67a3-4c54-aa76-862735a5f334",NA,"Holothuroidea","Pacific Ocean",NA,"","","Pacific Ocean, Pacific, Western Central",NA,NA,NA,NA,NA,NA,NA,1,NA,NA,NA,"[no agent data]",NA,"b4640710-8e03-11d8-b956-b8a03c50a862",NA,NA,NA,NA,"Holothuria",NA,NA,NA,NA,"",NA,"",NA,NA,NA,NA,NA,NA,NA
"927","2014-07-08 10:01:39.0",NA,"",NA,"Australia, Western Australia, Cape Leveque","2014-07-12T15:32:05.136Z","Animalia Echinodermata Holothuroidea Aspidochirotida Holothuriidae Holothuria (Lessonothuria) pardalis",NA,"",NA,NA,NA,"whole animal (70% ethanol)","","","",NA,NA,NA,NA,NA,NA,NA,NA,NA,"",NA,NA,NA,NA,NA,NA,NA,NA,NA,"http://mczbase.mcz.harvard.edu/guid/MCZ:IZ:HOL-1541",NA,"","","PhysicalObject","06cfe61a-8b50-46fc-b8b9-bb891388e704","",NA,NA,NA,"Holothuria (Lessonothuria) pardalis",NA,NA,NA,NA,"",NA,"","","President and Fellows of Harvard College",NA,NA,NA,NA,"",NA,NA,NA,"Selenka, 1867",NA,NA,NA,NA,NA,NA,"Museum of Comparative Zoology, Harvard University",NA,NA,NA,"PreservedSpecimen",0,"","Aspidochirotida","",NA,"http://mczbase.mcz.harvard.edu/guid/MCZ:IZ:HOL-1541",NA,NA,"",NA,NA,NA,"IZ","","",NA,NA,"MCZ:IZ:HOL-1541","",NA,NA,NA,NA,"",NA,NA,NA,"MCZ","Echinodermata",NA,"en",NA,"1929-08-20/1929-08-22",NA,"August 20 - 22, 1929",NA,NA,"HOL-1541",NA,"",NA,"",NA,NA,NA,NA,NA,"ICZN",NA,NA,NA,"",NA,"Animalia","0023d75c69837828acf4bece6cb28590da01c6d8","",NA,"Holothuriidae",NA,NA,"not applicable",NA,"",NA,NA,"06cfe61a-8b50-46fc-b8b9-bb891388e704","Hubert Lyman Clark, Carnegie Australian Harvard Expedition","",NA,NA,NA,NA,NA,NA,NA,NA,NA,NA,"",NA,NA,NA,NA,NA,"pardalis",NA,NA,"872733a2-67a3-4c54-aa76-862735a5f334",NA,"Holothuroidea","Indian Ocean",NA,"","","Indian Ocean, Indian Ocean, Eastern",NA,NA,NA,NA,NA,NA,NA,1,NA,NA,NA,"[no agent data]",NA,"b4640710-8e03-11d8-b956-b8a03c50a862",NA,NA,NA,NA,"Holothuria",NA,NA,NA,NA,"",NA,"",NA,NA,NA,NA,NA,NA,NA
"1179","2014-05-22 11:02:26.0",NA,"",NA,"Australia, Queensland, Hope Island","2014-06-18T05:23:21.982Z","Animalia Echinodermata Holothuroidea Aspidochirotida Holothuriidae Holothuria (Lessonothuria) pardalis",NA,"",NA,NA,NA,"whole animal (70% ethanol)","","","",NA,NA,NA,NA,NA,NA,NA,NA,NA,"",NA,NA,NA,NA,NA,NA,NA,NA,NA,"http://mczbase.mcz.harvard.edu/guid/MCZ:IZ:HOL-877",NA,"","","PhysicalObject","e9554179-2044-437d-b03e-ad4e6249b809","",NA,NA,NA,"Holothuria (Lessonothuria) pardalis",NA,NA,NA,NA,"",NA,"","","President and Fellows of Harvard College",NA,NA,NA,NA,"",NA,NA,NA,"Selenka, 1867",NA,NA,NA,NA,NA,NA,"Museum of Comparative Zoology, Harvard University",NA,NA,NA,"PreservedSpecimen",0,"","Aspidochirotida","",NA,"http://mczbase.mcz.harvard.edu/guid/MCZ:IZ:HOL-877",NA,NA,"",NA,NA,NA,"IZ","","",NA,NA,"MCZ:IZ:HOL-877","",NA,NA,NA,NA,"",NA,NA,NA,"MCZ","Echinodermata",NA,"en",NA,"1896-05-12",NA,"May 12, 1896",NA,NA,"HOL-877",NA,"",NA,"",NA,NA,NA,NA,NA,"ICZN",NA,NA,NA,"",NA,"Animalia","756455aa467e45569abde9d6f8d336fbd923a275","",NA,"Holothuriidae",NA,NA,"not applicable",NA,"",NA,NA,"e9554179-2044-437d-b03e-ad4e6249b809","Great Barrier Reef Expedition - 1896, Alexander Agassiz","",NA,NA,NA,NA,NA,NA,NA,NA,NA,NA,"",NA,NA,NA,NA,NA,"pardalis",NA,NA,"872733a2-67a3-4c54-aa76-862735a5f334",NA,"Holothuroidea","Pacific Ocean",NA,"","","Pacific Ocean, Pacific, Western Central",NA,NA,NA,NA,NA,NA,NA,1,NA,NA,NA,"[no agent data]",NA,"b4640710-8e03-11d8-b956-b8a03c50a862",NA,NA,NA,NA,"Holothuria",NA,NA,NA,NA,"",NA,"",NA,NA,NA,NA,NA,NA,NA
"1183","2014-05-22 11:02:26.0",NA,"",NA,"Australia, Queensland; Torres Strait, Friday Harbor","2014-06-18T06:00:46.923Z","Animalia Echinodermata Holothuroidea Aspidochirotida Holothuriidae Holothuria (Lessonothuria) pardalis",NA,"",NA,NA,NA,"whole animal (70% ethanol)","","","",NA,NA,NA,NA,NA,NA,NA,NA,NA,"",NA,NA,NA,NA,NA,NA,NA,NA,NA,"http://mczbase.mcz.harvard.edu/guid/MCZ:IZ:HOL-1054",NA,"","","PhysicalObject","87af1ec9-82bb-4311-aff7-3910778c48ee","",NA,NA,NA,"Holothuria (Lessonothuria) pardalis",NA,NA,NA,NA,"",NA,"","","President and Fellows of Harvard College",NA,NA,NA,NA,"",NA,NA,NA,"Selenka, 1867",NA,NA,NA,NA,NA,NA,"Museum of Comparative Zoology, Harvard University",NA,NA,NA,"PreservedSpecimen",0,"","Aspidochirotida","",NA,"http://mczbase.mcz.harvard.edu/guid/MCZ:IZ:HOL-1054",NA,NA,"",NA,NA,NA,"IZ","","",NA,NA,"MCZ:IZ:HOL-1054","",NA,NA,NA,NA,"",NA,NA,NA,"MCZ","Echinodermata",NA,"en",NA,"1913-09-13",NA,"September 13, 1913",NA,NA,"HOL-1054",NA,"",NA,"",NA,NA,NA,NA,NA,"ICZN",NA,NA,NA,"",NA,"Animalia","f5cee390b07bdf75e0445de6a0615557449dfeeb","",NA,"Holothuriidae",NA,NA,"not applicable",NA,"",NA,NA,"87af1ec9-82bb-4311-aff7-3910778c48ee","Hubert Lyman Clark, Carnegie Expedition to the Torres Strait","",NA,NA,NA,NA,NA,NA,NA,NA,NA,NA,"",NA,NA,NA,NA,NA,"pardalis",NA,NA,"872733a2-67a3-4c54-aa76-862735a5f334",NA,"Holothuroidea","Pacific Ocean",NA,"","","Pacific Ocean, Pacific, Western Central",NA,NA,NA,NA,NA,NA,NA,1,NA,NA,NA,"[no agent data]",NA,"b4640710-8e03-11d8-b956-b8a03c50a862",NA,NA,NA,NA,"Holothuria",NA,NA,NA,NA,"",NA,"",NA,NA,NA,NA,NA,NA,NA
"1210","2014-05-22 11:02:26.0",NA,"",NA,"United States, Hawaii","2014-07-12T13:13:55.879Z","Animalia Echinodermata Holothuroidea Aspidochirotida Holothuriidae Holothuria (Lessonothuria) pardalis",NA,"",NA,NA,NA,"whole animal (70% ethanol)","","","",NA,NA,NA,NA,NA,NA,NA,NA,NA,"",NA,NA,NA,NA,NA,NA,NA,NA,NA,"http://mczbase.mcz.harvard.edu/guid/MCZ:IZ:HOL-878",NA,"","","PhysicalObject","816bdb16-f4c9-4566-8f26-0a02db9ab27f","",NA,NA,NA,"Holothuria (Lessonothuria) pardalis",NA,NA,NA,NA,"",NA,"","","President and Fellows of Harvard College",NA,NA,NA,NA,"",NA,NA,NA,"Selenka, 1867",NA,NA,NA,NA,NA,NA,"Museum of Comparative Zoology, Harvard University",NA,NA,NA,"PreservedSpecimen",0,"","Aspidochirotida","",NA,"http://mczbase.mcz.harvard.edu/guid/MCZ:IZ:HOL-878",NA,NA,"",NA,NA,NA,"IZ","","",NA,NA,"MCZ:IZ:HOL-878","",NA,NA,NA,NA,"",NA,NA,NA,"MCZ","Echinodermata",NA,"en",NA,"1870-01-09/1947-07-31",NA,"[date unknown]",NA,NA,"HOL-878",NA,"",NA,"",NA,NA,NA,NA,NA,"ICZN",NA,NA,NA,"",NA,"Animalia","c4d80bae23ca2e8db93d9bbd16c96f7afa843e79","",NA,"Holothuriidae",NA,NA,"not applicable",NA,"",NA,NA,"816bdb16-f4c9-4566-8f26-0a02db9ab27f","Hubert Lyman Clark","",NA,NA,NA,NA,NA,NA,NA,NA,NA,NA,"",NA,NA,NA,NA,NA,"pardalis",NA,NA,"872733a2-67a3-4c54-aa76-862735a5f334",NA,"Holothuroidea","Pacific Ocean",NA,"","","Pacific Ocean, Pacific, Eastern Central",NA,NA,NA,NA,NA,NA,NA,1,NA,NA,NA,"[no agent data]",NA,"b4640710-8e03-11d8-b956-b8a03c50a862",NA,NA,NA,NA,"Holothuria",NA,NA,NA,NA,"",NA,"",NA,NA,NA,NA,NA,NA,NA
"1214","2014-05-22 14:02:47.0",NA,"",NA,"Ecuador, Galapagos Islands, Tower Island, Darwin Bay","2014-07-12T17:25:03.082Z","Animalia Echinodermata Holothuroidea Aspidochirotida Holothuriidae Holothuria (Lessonothuria) pardalis",NA,"",NA,NA,NA,"whole animal (70% ethanol)","","","",NA,NA,NA,NA,NA,NA,NA,NA,NA,"",NA,NA,NA,NA,NA,NA,NA,NA,NA,"http://mczbase.mcz.harvard.edu/guid/MCZ:IZ:HOL-1948",NA,"","","PhysicalObject","2d56be24-ce25-41ac-85e3-0b9d158a42b4","",NA,NA,NA,"Holothuria (Lessonothuria) pardalis",NA,NA,NA,NA,"",NA,"","","President and Fellows of Harvard College",NA,NA,NA,NA,"",NA,NA,NA,"Selenka, 1867",NA,NA,NA,NA,NA,NA,"Museum of Comparative Zoology, Harvard University",NA,NA,NA,"PreservedSpecimen",0,"","Aspidochirotida","",NA,"http://mczbase.mcz.harvard.edu/guid/MCZ:IZ:HOL-1948",NA,NA,"",NA,NA,NA,"IZ","","",NA,NA,"MCZ:IZ:HOL-1948","",NA,NA,NA,NA,"",NA,NA,NA,"MCZ","Echinodermata",NA,"en",NA,"1925-01-01/1925-12-31",NA,"1925",NA,NA,"HOL-1948",NA,"",NA,"",NA,NA,NA,NA,NA,"ICZN",NA,NA,NA,"",NA,"Animalia","410c58ff95ae987e754c00af0f51008542ba5961","",NA,"Holothuriidae",NA,NA,"not applicable",NA,"",NA,NA,"2d56be24-ce25-41ac-85e3-0b9d158a42b4","William Beebe, Arcturus Oceanographic Expedition","",NA,NA,NA,NA,NA,NA,NA,NA,NA,NA,"",NA,NA,NA,NA,NA,"pardalis",NA,NA,"872733a2-67a3-4c54-aa76-862735a5f334",NA,"Holothuroidea","Pacific Ocean",NA,"","","Pacific Ocean, Pacific, Southeast",NA,NA,NA,NA,NA,NA,NA,1,NA,NA,NA,"[no agent data]",NA,"b4640710-8e03-11d8-b956-b8a03c50a862",NA,NA,NA,NA,"Holothuria",NA,NA,NA,NA,"",NA,"",NA,NA,NA,NA,NA,NA,NA
"1230","2013-06-18 15:17:42.0",NA,"Syntype",NA,"Tanzania","2014-07-13T00:27:49.024Z","Animalia Echinodermata Holothuroidea Aspidochirotida Holothuriidae Holothuria (Lessonothuria) pardalis",NA,"",NA,NA,NA,"whole animal (70% ethanol)","","","",NA,NA,NA,NA,NA,NA,NA,NA,NA,"other number=205",NA,NA,NA,NA,NA,NA,NA,NA,NA,"http://mczbase.mcz.harvard.edu/guid/MCZ:IZ:HOL-677",NA,"","possibly designated as PARALECTOTYPE by Rowe & Hanley but unable to locate publication, PB 2012","PhysicalObject","6be803cf-26bc-4e54-a409-a6037bdaab48","",NA,NA,NA,"Holothuria (Lessonothuria) pardalis",NA,NA,NA,NA,"",NA,"","","President and Fellows of Harvard College",NA,NA,NA,NA,"",NA,NA,NA,"Selenka, 1867",NA,NA,NA,NA,NA,NA,"Museum of Comparative Zoology, Harvard University",NA,NA,NA,"PreservedSpecimen",0,"","Aspidochirotida","",NA,"http://mczbase.mcz.harvard.edu/guid/MCZ:IZ:HOL-677",NA,NA,"",NA,NA,NA,"IZ","","",NA,NA,"MCZ:IZ:HOL-677","",NA,NA,NA,NA,"",NA,NA,NA,"MCZ","Echinodermata",NA,"en",NA,"1700-01-01/1867-12-31",NA,"Unknown",NA,NA,"HOL-677",NA,"",NA,"",NA,NA,NA,NA,NA,"ICZN",NA,NA,NA,"",NA,"Animalia","46e1945681b90ec3f381c1cdb47f25a93322a337","",NA,"Holothuriidae",NA,NA,"not applicable",NA,"",NA,NA,"6be803cf-26bc-4e54-a409-a6037bdaab48","[no agent data]","",NA,NA,NA,NA,NA,NA,NA,NA,NA,NA,"",NA,NA,NA,NA,NA,"pardalis",NA,NA,"872733a2-67a3-4c54-aa76-862735a5f334",NA,"Holothuroidea","Western Indian Ocean",NA,"","","Western Indian Ocean",NA,NA,NA,NA,NA,NA,NA,1,NA,NA,NA,"World Register of Marine Species, [no agent data]",NA,"b4640710-8e03-11d8-b956-b8a03c50a862",NA,NA,NA,NA,"Holothuria",NA,NA,NA,NA,"",NA,"",NA,NA,NA,NA,NA,NA,NA
"1233","2014-06-09 10:30:22.0",NA,"Syntype",NA,"Tanzania, Zanzibar","2014-07-13T00:31:05.131Z","Animalia Echinodermata Holothuroidea Aspidochirotida Holothuriidae Holothuria (Lessonothuria) pardalis",NA,"decimal degrees",NA,NA,NA,"whole animal (70% ethanol)","","WGS84","",NA,NA,NA,NA,NA,NA,NA,NA,NA,"",NA,NA,NA,NA,NA,NA,NA,NA,NA,"http://mczbase.mcz.harvard.edu/guid/MCZ:IZ:HOL-1421",NA,"39.473784d","","PhysicalObject","8948977f-d3ce-4601-93ea-cb2965addb0e","",NA,NA,NA,"Holothuria (Lessonothuria) pardalis",NA,NA,NA,NA,"-6.028749d",NA,"","","President and Fellows of Harvard College",NA,NA,NA,NA,"",NA,NA,NA,"Selenka, 1867",NA,NA,NA,NA,NA,NA,"Museum of Comparative Zoology, Harvard University",NA,NA,NA,"PreservedSpecimen",0,"","Aspidochirotida","",NA,"http://mczbase.mcz.harvard.edu/guid/MCZ:IZ:HOL-1421",NA,NA,"",NA,NA,NA,"IZ","","unverified",NA,NA,"MCZ:IZ:HOL-1421","Jessica Anne Mullen",NA,NA,NA,NA,"",NA,NA,NA,"MCZ","Echinodermata",NA,"en",NA,"1700-01-01/2014-05-02",NA,"[date unknown]",NA,NA,"HOL-1421",NA,"",NA,"",NA,NA,NA,NA,NA,"ICZN",NA,NA,NA,"from same lot as          <a href=""http://arctos.database.museum/SpecimenDetail.cfm?collection_object_id=3344993""> MCZ IZ HOL-567</a>",NA,"Animalia","4516507d63829b964a9e1e054762e7cff4283f89","GEOLocate",NA,"Holothuriidae",NA,NA,"not applicable",NA,"",NA,NA,"8948977f-d3ce-4601-93ea-cb2965addb0e","[no agent data]","",NA,NA,NA,NA,NA,39.473784,-6.028749,NA,NA,NA,"",NA,NA,NA,NA,NA,"pardalis",NA,NA,"872733a2-67a3-4c54-aa76-862735a5f334",NA,"Holothuroidea","Indian Ocean",NA,"","GEOLocate","Indian Ocean, Indian Ocean, Western",NA,NA,NA,NA,NA,67127,67127,1,NA,NA,NA,"E. Selenka, Elisabeth Deichmann",NA,"b4640710-8e03-11d8-b956-b8a03c50a862",NA,NA,NA,NA,"Holothuria",NA,NA,NA,NA,"",NA,"",NA,NA,NA,NA,NA,NA,NA
"1512","2014-07-18 14:25:46.0",NA,"",NA,"Costa Rica, Cocos Island, Chatham Bay","2014-07-26T00:41:21.488Z","Animalia Echinodermata Holothuroidea Aspidochirotida Holothuriidae Holothuria (Lessonothuria) pardalis",NA,"",NA,NA,NA,"whole animal (70% ethanol)","","","",NA,NA,NA,NA,NA,NA,NA,NA,NA,"",NA,NA,NA,NA,NA,NA,NA,NA,NA,"http://mczbase.mcz.harvard.edu/guid/MCZ:IZ:HOL-1909",NA,"","","PhysicalObject","306f3720-42fd-475a-a2bc-fcb06aef89c1","",NA,NA,NA,"Holothuria (Lessonothuria) pardalis",NA,NA,NA,NA,"",NA,"","","President and Fellows of Harvard College",NA,NA,NA,NA,"",NA,NA,NA,"Selenka, 1867",NA,NA,NA,NA,NA,NA,"Museum of Comparative Zoology, Harvard University",NA,NA,NA,"PreservedSpecimen",0,"","Aspidochirotida","",NA,"http://mczbase.mcz.harvard.edu/guid/MCZ:IZ:HOL-1909",NA,NA,"",NA,NA,NA,"IZ","","",NA,NA,"MCZ:IZ:HOL-1909","",NA,NA,NA,NA,"",NA,NA,NA,"MCZ","Echinodermata",NA,"en",NA,"1938-01-14",NA,"January 14, 1938",NA,NA,"HOL-1909",NA,"",NA,"",NA,NA,NA,NA,NA,"ICZN",NA,NA,NA,"",NA,"Animalia","9730abad64a57092e39189fbe893dbb3c5538b6f","",NA,"Holothuriidae",NA,NA,"not applicable",NA,"",NA,NA,"306f3720-42fd-475a-a2bc-fcb06aef89c1","Hancock Pacific Expeditions, RV Velero III","",NA,NA,NA,NA,NA,NA,NA,NA,NA,NA,"",NA,NA,NA,NA,NA,"pardalis",NA,NA,"872733a2-67a3-4c54-aa76-862735a5f334",NA,"Holothuroidea","Pacific Ocean",NA,"","","Pacific Ocean, Pacific, Eastern Central",NA,NA,NA,NA,NA,NA,NA,1,NA,NA,NA,"[no agent data]",NA,"b4640710-8e03-11d8-b956-b8a03c50a862",NA,NA,NA,NA,"Holothuria",NA,NA,NA,NA,"",NA,"",NA,NA,NA,NA,NA,NA,NA
"1806","2014-05-22 11:02:26.0",NA,"",NA,"Australia, Queensland, Green Island, near Cairns","2014-07-13T04:20:49.184Z","Animalia Echinodermata Holothuroidea Aspidochirotida Holothuriidae Holothuria (Lessonothuria) pardalis",NA,"decimal degrees",NA,NA,NA,"whole animal (70% ethanol)","","WGS84","",NA,NA,NA,NA,NA,NA,NA,NA,NA,"",NA,NA,NA,NA,NA,NA,NA,NA,NA,"http://mczbase.mcz.harvard.edu/guid/MCZ:IZ:HOL-1055",NA,"145.981093d","","PhysicalObject","2774b01e-02ae-4281-9759-5f3a47824615","",NA,NA,NA,"Holothuria (Lessonothuria) pardalis",NA,NA,NA,NA,"-16.762555d",NA,"","","President and Fellows of Harvard College",NA,NA,NA,NA,"",NA,NA,NA,"Selenka, 1867",NA,NA,NA,NA,NA,NA,"Museum of Comparative Zoology, Harvard University",NA,NA,NA,"PreservedSpecimen",0,"","Aspidochirotida","",NA,"http://mczbase.mcz.harvard.edu/guid/MCZ:IZ:HOL-1055",NA,NA,"",NA,NA,NA,"IZ","","unverified",NA,NA,"MCZ:IZ:HOL-1055","Jessica Anne Mullen",NA,NA,NA,NA,"",NA,NA,NA,"MCZ","Echinodermata",NA,"en",NA,"1913-09-06/1913-09-10",NA,"September 6, 1913",NA,NA,"HOL-1055",NA,"",NA,"",NA,NA,NA,NA,NA,"ICZN",NA,NA,NA,"",NA,"Animalia","7594483967b0f7c5e317fe36da96b21a3f6dcf94","GEOLocate",NA,"Holothuriidae",NA,NA,"not applicable",NA,"",NA,NA,"2774b01e-02ae-4281-9759-5f3a47824615","Carnegie Expedition to the Torres Strait, Hubert Lyman Clark","",NA,NA,NA,NA,NA,145.981093,-16.762555,NA,NA,NA,"",NA,NA,NA,NA,NA,"pardalis",NA,NA,"872733a2-67a3-4c54-aa76-862735a5f334",NA,"Holothuroidea","Pacific Ocean",NA,"","GEOLocate","Pacific Ocean, Pacific, Western Central",NA,NA,NA,NA,NA,2430,2430,1,NA,NA,NA,"[no agent data]",NA,"b4640710-8e03-11d8-b956-b8a03c50a862",NA,NA,NA,NA,"Holothuria",NA,NA,NA,NA,"",NA,"",NA,NA,NA,NA,NA,NA,NA
"1811","2014-05-22 11:02:26.0",NA,"",NA,"Mozambique","2014-07-12T21:10:00.566Z","Animalia Echinodermata Holothuroidea Aspidochirotida Holothuriidae Holothuria (Lessonothuria) pardalis",NA,"",NA,NA,NA,"whole animal (70% ethanol)","","","",NA,NA,NA,NA,NA,NA,NA,NA,NA,"",NA,NA,NA,NA,NA,NA,NA,NA,NA,"http://mczbase.mcz.harvard.edu/guid/MCZ:IZ:HOL-681",NA,"","","PhysicalObject","b6d8dc9b-687d-4702-a811-4150478efc12","",NA,NA,NA,"Holothuria (Lessonothuria) pardalis",NA,NA,NA,NA,"",NA,"","","President and Fellows of Harvard College",NA,NA,NA,NA,"",NA,NA,NA,"Selenka, 1867",NA,NA,NA,NA,NA,NA,"Museum of Comparative Zoology, Harvard University",NA,NA,NA,"PreservedSpecimen",0,"","Aspidochirotida","",NA,"http://mczbase.mcz.harvard.edu/guid/MCZ:IZ:HOL-681",NA,NA,"",NA,NA,NA,"IZ","","",NA,NA,"MCZ:IZ:HOL-681","",NA,NA,NA,NA,"",NA,NA,NA,"MCZ","Echinodermata",NA,"en",NA,"1700-01-01/2014-05-22",NA,"[date unknown]",NA,NA,"HOL-681",NA,"",NA,"",NA,NA,NA,NA,NA,"ICZN",NA,NA,NA,"",NA,"Animalia","5bd4060370d9f3cf57df4d2c38e6bce72b9d05c8","",NA,"Holothuriidae",NA,NA,"not applicable",NA,"",NA,NA,"b6d8dc9b-687d-4702-a811-4150478efc12","[no agent data]","",NA,NA,NA,NA,NA,NA,NA,NA,NA,NA,"",NA,NA,NA,NA,NA,"pardalis",NA,NA,"872733a2-67a3-4c54-aa76-862735a5f334",NA,"Holothuroidea","Indian Ocean",NA,"","","Indian Ocean, Indian Ocean, Western",NA,NA,NA,NA,NA,NA,NA,1,NA,NA,NA,"[no agent data]",NA,"b4640710-8e03-11d8-b956-b8a03c50a862",NA,NA,NA,NA,"Holothuria",NA,NA,NA,NA,"",NA,"",NA,NA,NA,NA,NA,NA,NA
"1840","2014-07-02 13:06:13.0",NA,"",NA,"Ecuador, Galapagos Islands, Albemarle Island","2014-07-12T14:22:41.266Z","Animalia Echinodermata Holothuroidea Aspidochirotida Holothuriidae Holothuria (Lessonothuria) pardalis",NA,"",NA,NA,NA,"whole animal (70% ethanol)","","","",NA,NA,NA,NA,NA,NA,NA,NA,NA,"station number=800",NA,NA,NA,NA,NA,NA,NA,NA,NA,"http://mczbase.mcz.harvard.edu/guid/MCZ:IZ:HOL-1910",NA,"","","PhysicalObject","edf44549-9790-4411-a189-671e8a4260d8","",NA,NA,NA,"Holothuria (Lessonothuria) pardalis",NA,NA,NA,NA,"",NA,"","","President and Fellows of Harvard College",NA,NA,NA,NA,"",NA,NA,NA,"Selenka, 1867",NA,NA,NA,NA,NA,NA,"Museum of Comparative Zoology, Harvard University",NA,NA,NA,"PreservedSpecimen",0,"","Aspidochirotida","",NA,"http://mczbase.mcz.harvard.edu/guid/MCZ:IZ:HOL-1910",NA,NA,"",NA,NA,NA,"IZ","","",NA,NA,"MCZ:IZ:HOL-1910","",NA,NA,NA,NA,"",NA,NA,NA,"MCZ","Echinodermata",NA,"en",NA,"1938-01-22",NA,"January 22, 1938",NA,NA,"HOL-1910",NA,"",NA,"",NA,NA,NA,NA,NA,"ICZN",NA,NA,NA,"",NA,"Animalia","61d58e1e44e5079f08816f664ad28d5d10eac60c","",NA,"Holothuriidae",NA,NA,"not applicable",NA,"",NA,NA,"edf44549-9790-4411-a189-671e8a4260d8","RV Velero III, Hancock Pacific Expeditions","",NA,NA,NA,NA,NA,NA,NA,NA,NA,NA,"",NA,NA,NA,NA,NA,"pardalis",NA,NA,"872733a2-67a3-4c54-aa76-862735a5f334",NA,"Holothuroidea","Pacific Ocean",NA,"","","Pacific Ocean, Pacific, Eastern Central",NA,NA,NA,NA,NA,NA,NA,1,NA,NA,NA,"[no agent data]",NA,"b4640710-8e03-11d8-b956-b8a03c50a862",NA,NA,NA,NA,"Holothuria",NA,NA,NA,NA,"",NA,"",NA,NA,NA,NA,NA,NA,NA
"1841","2013-06-18 15:17:42.0",NA,"Syntype",NA,"off Hawaii","2014-07-12T15:09:16.610Z","Animalia Echinodermata Holothuroidea Aspidochirotida Holothuriidae Holothuria (Lessonothuria) pardalis",NA,"",NA,NA,NA,"whole animal (70% ethanol)","","","",NA,NA,NA,NA,NA,NA,NA,NA,NA,"other number=389, 476, 657",NA,NA,NA,NA,NA,NA,NA,NA,NA,"http://mczbase.mcz.harvard.edu/guid/MCZ:IZ:HOL-676",NA,"","possibly designated as LECTOTYPE by Rowe & Hanley but unable to locate publication, PB 2012","PhysicalObject","6a5110d3-3524-4f79-be29-54d8e2aeaabb","",NA,NA,NA,"Holothuria (Lessonothuria) pardalis",NA,NA,NA,NA,"",NA,"","","President and Fellows of Harvard College",NA,NA,NA,NA,"",NA,NA,NA,"Selenka, 1867",NA,NA,NA,NA,NA,NA,"Museum of Comparative Zoology, Harvard University",NA,NA,NA,"PreservedSpecimen",0,"","Aspidochirotida","",NA,"http://mczbase.mcz.harvard.edu/guid/MCZ:IZ:HOL-676",NA,NA,"",NA,NA,NA,"IZ","","",NA,NA,"MCZ:IZ:HOL-676","",NA,NA,NA,NA,"",NA,NA,NA,"MCZ","Echinodermata",NA,"en",NA,"1700-01-01/1867-12-31",NA,"Unknown",NA,NA,"HOL-676",NA,"",NA,"",NA,NA,NA,NA,NA,"ICZN",NA,NA,NA,"",NA,"Animalia","4d8d9a88cdbeee84518164a52f56921c0e9a718a","",NA,"Holothuriidae",NA,NA,"not applicable",NA,"",NA,NA,"6a5110d3-3524-4f79-be29-54d8e2aeaabb","[no agent data]","2012-08-08 00:00:00.0",NA,NA,NA,NA,NA,NA,NA,NA,NA,NA,"",NA,NA,NA,NA,NA,"pardalis",NA,NA,"872733a2-67a3-4c54-aa76-862735a5f334",NA,"Holothuroidea","Pacific Ocean",NA,"","","Pacific Ocean, Pacific, Eastern Central",NA,NA,NA,NA,NA,NA,NA,1,NA,NA,NA,"[no agent data], World Register of Marine Species",NA,"b4640710-8e03-11d8-b956-b8a03c50a862",NA,NA,NA,NA,"Holothuria",NA,NA,NA,NA,"",NA,"",NA,NA,NA,NA,NA,NA,NA
"1845","2014-06-19 11:24:19.0",NA,"",NA,"Australia, Western Australia, Broome, False Cape Bossut","2014-08-11T17:35:16.883Z","Animalia Echinodermata Holothuroidea Aspidochirotida Holothuriidae Holothuria (Lessonothuria) pardalis",NA,"decimal degrees",NA,NA,NA,"whole animal (70% ethanol)","","WGS84","",NA,NA,NA,NA,NA,NA,NA,NA,NA,"",NA,NA,NA,NA,NA,NA,NA,NA,NA,"http://mczbase.mcz.harvard.edu/guid/MCZ:IZ:HOL-1540",NA,"121.729044d","","PhysicalObject","35525f18-2428-4d77-b9c2-328bcf7eff4d","",NA,NA,NA,"Holothuria (Lessonothuria) pardalis",NA,NA,NA,NA,"-18.571347d",NA,"","","President and Fellows of Harvard College",NA,NA,NA,NA,"",NA,NA,NA,"Selenka, 1867",NA,NA,NA,NA,NA,NA,"Museum of Comparative Zoology, Harvard University",NA,NA,NA,"PreservedSpecimen",0,"","Aspidochirotida","",NA,"http://mczbase.mcz.harvard.edu/guid/MCZ:IZ:HOL-1540",NA,NA,"",NA,NA,NA,"IZ","","unverified",NA,NA,"MCZ:IZ:HOL-1540","Penny Benson",NA,NA,NA,NA,"",NA,NA,NA,"MCZ","Echinodermata",NA,"en",NA,"1929-09-20/1929-09-29",NA,"September 20-22, 1929",NA,NA,"HOL-1540",NA,"",NA,"",NA,NA,NA,NA,NA,"ICZN",NA,NA,NA,"",NA,"Animalia","e5ef61e689e1f861dd8f0391b52d96646debe41c","GEOLocate and Mapcarta",NA,"Holothuriidae",NA,NA,"not applicable",NA,"",NA,NA,"35525f18-2428-4d77-b9c2-328bcf7eff4d","Hubert Lyman Clark, Carnegie Australian Harvard Expedition","",NA,NA,NA,NA,NA,121.729044,-18.571347,NA,NA,NA,"",NA,NA,NA,NA,NA,"pardalis",NA,NA,"872733a2-67a3-4c54-aa76-862735a5f334",NA,"Holothuroidea","Indian Ocean",NA,"","GEOLocate","Indian Ocean, Indian Ocean, Eastern",NA,NA,NA,NA,NA,1021,1021,1,NA,NA,NA,"[no agent data]",NA,"b4640710-8e03-11d8-b956-b8a03c50a862",NA,NA,NA,NA,"Holothuria",NA,NA,NA,NA,"",NA,"",NA,NA,NA,NA,NA,NA,NA
"2088","2013-06-18 15:17:42.0",NA,"Syntype",NA,"off Hawaii","2014-07-12T16:14:41.055Z","Animalia Echinodermata Holothuroidea Aspidochirotida Holothuriidae Holothuria (Lessonothuria) pardalis",NA,"",NA,NA,NA,"whole animal (70% ethanol)","","","",NA,NA,NA,NA,NA,NA,NA,NA,NA,"other number=389, 476, 657",NA,NA,NA,NA,NA,NA,NA,NA,NA,"http://mczbase.mcz.harvard.edu/guid/MCZ:IZ:126515",NA,"","possibly designated as PARALECTOTYPES by Rowe & Hanley but unable to locate publication, PB 2012","PhysicalObject","5d4d239d-2747-4628-ab00-bad38a2ffc90","",NA,NA,NA,"Holothuria (Lessonothuria) pardalis",NA,NA,NA,NA,"",NA,"","","President and Fellows of Harvard College",NA,NA,NA,NA,"",NA,NA,NA,"Selenka, 1867",NA,NA,NA,NA,NA,NA,"Museum of Comparative Zoology, Harvard University",NA,NA,NA,"PreservedSpecimen",0,"","Aspidochirotida","",NA,"http://mczbase.mcz.harvard.edu/guid/MCZ:IZ:126515",NA,NA,"",NA,NA,NA,"IZ","","",NA,NA,"MCZ:IZ:126515","",NA,NA,NA,NA,"",NA,NA,NA,"MCZ","Echinodermata",NA,"en",NA,"1700-01-01/1867-12-31",NA,"Unknown",NA,NA,"126515",NA,"",NA,"",NA,NA,NA,NA,NA,"ICZN",NA,NA,NA,"from same lot as          <a href=""http://arctos.database.museum/SpecimenDetail.cfm?collection_object_id=3242820""> MCZ IZ HOL-676</a>",NA,"Animalia","e70005ee2da5ab38a2c459655c31cbb0cbdec381","",NA,"Holothuriidae",NA,NA,"not applicable",NA,"",NA,NA,"5d4d239d-2747-4628-ab00-bad38a2ffc90","[no agent data]","",NA,NA,NA,NA,NA,NA,NA,NA,NA,NA,"",NA,NA,NA,NA,NA,"pardalis",NA,NA,"872733a2-67a3-4c54-aa76-862735a5f334",NA,"Holothuroidea","Pacific Ocean",NA,"","","Pacific Ocean, Pacific, Eastern Central",NA,NA,NA,NA,NA,NA,NA,1,NA,NA,NA,"World Register of Marine Species, [no agent data]",NA,"b4640710-8e03-11d8-b956-b8a03c50a862",NA,NA,NA,NA,"Holothuria",NA,NA,NA,NA,"",NA,"",NA,NA,NA,NA,NA,NA,NA
"2090","2014-06-13 13:30:59.0",NA,"",NA,"Australia, Western Australia; Broome","2014-07-12T16:12:46.550Z","Animalia Echinodermata Holothuroidea Aspidochirotida Holothuriidae Holothuria (Lessonothuria) pardalis",NA,"decimal degrees",NA,NA,NA,"whole animal (70% ethanol)","","WGS84","",NA,NA,NA,NA,NA,NA,NA,NA,NA,"",NA,NA,NA,NA,NA,NA,NA,NA,NA,"http://mczbase.mcz.harvard.edu/guid/MCZ:IZ:HOL-1542",NA,"122.23028d","","PhysicalObject","0114b03d-85cd-40ca-b65f-f791428b3681","",NA,NA,NA,"Holothuria (Lessonothuria) pardalis",NA,NA,NA,NA,"-17.96361d",NA,"","","President and Fellows of Harvard College",NA,NA,NA,NA,"",NA,NA,NA,"Selenka, 1867",NA,NA,NA,NA,NA,NA,"Museum of Comparative Zoology, Harvard University",NA,NA,NA,"PreservedSpecimen",0,"","Aspidochirotida","",NA,"http://mczbase.mcz.harvard.edu/guid/MCZ:IZ:HOL-1542",NA,NA,"",NA,NA,NA,"IZ","","unverified",NA,NA,"MCZ:IZ:HOL-1542","Penny Benson",NA,NA,NA,NA,"",NA,NA,NA,"MCZ","Echinodermata",NA,"en",NA,"1932-06-01/1932-06-30",NA,"June 1932",NA,NA,"HOL-1542",NA,"",NA,"",NA,NA,NA,NA,NA,"ICZN",NA,NA,NA,"",NA,"Animalia","b3dbcfbfc61e9cb5ad4f8f9ca0db2d7528837141","GEOLocate",NA,"Holothuriidae",NA,NA,"not applicable",NA,"",NA,NA,"0114b03d-85cd-40ca-b65f-f791428b3681","Harvard Australian Expedition 1931-1932","",NA,NA,NA,NA,NA,122.23028,-17.96361,NA,NA,NA,"",NA,NA,NA,NA,NA,"pardalis",NA,NA,"872733a2-67a3-4c54-aa76-862735a5f334",NA,"Holothuroidea","Indian Ocean",NA,"","GEOLocate","Indian Ocean, Indian Ocean, Eastern",NA,NA,NA,NA,NA,301,301,1,NA,NA,NA,"[no agent data]",NA,"b4640710-8e03-11d8-b956-b8a03c50a862",NA,NA,NA,NA,"Holothuria",NA,NA,NA,NA,"",NA,"",NA,NA,NA,NA,NA,NA,NA
"2103","2014-06-04 11:10:08.0",NA,"",NA,"Republic of Fiji, Suva, Viti Levu","2014-07-12T21:51:11.771Z","Animalia Echinodermata Holothuroidea Aspidochirotida Holothuriidae Holothuria (Lessonothuria) pardalis",NA,"decimal degrees",NA,NA,NA,"whole animal (70% ethanol)","","WGS84","",NA,NA,NA,NA,NA,NA,NA,NA,NA,"",NA,NA,NA,NA,NA,NA,NA,NA,NA,"http://mczbase.mcz.harvard.edu/guid/MCZ:IZ:HOL-1263",NA,"178.462672d","","PhysicalObject","327c7b3c-b82f-48af-b87d-5c7d1456818c","",NA,NA,NA,"Holothuria (Lessonothuria) pardalis",NA,NA,NA,NA,"-18.152256d",NA,"","","President and Fellows of Harvard College",NA,NA,NA,NA,"",NA,NA,NA,"Selenka, 1867",NA,NA,NA,NA,NA,NA,"Museum of Comparative Zoology, Harvard University",NA,NA,NA,"PreservedSpecimen",0,"","Aspidochirotida","",NA,"http://mczbase.mcz.harvard.edu/guid/MCZ:IZ:HOL-1263",NA,NA,"",NA,NA,NA,"IZ","","unverified",NA,NA,"MCZ:IZ:HOL-1263","Jessica Anne Mullen",NA,NA,NA,NA,"",NA,NA,NA,"MCZ","Echinodermata",NA,"en",NA,"1917-01-01/1917-12-31",NA,"1917",NA,NA,"HOL-1263",NA,"",NA,"",NA,NA,NA,NA,NA,"ICZN",NA,NA,NA,"",NA,"Animalia","a9fd2059030fcd1700dd8d6f5a73199865089d90","GEOLocate",NA,"Holothuriidae",NA,NA,"not applicable",NA,"",NA,NA,"327c7b3c-b82f-48af-b87d-5c7d1456818c","John W. Mills","",NA,NA,NA,NA,NA,178.462672,-18.152256,NA,NA,NA,"",NA,NA,NA,NA,NA,"pardalis",NA,NA,"872733a2-67a3-4c54-aa76-862735a5f334",NA,"Holothuroidea","Pacific Ocean",NA,"","GEOLocate","Pacific Ocean, Pacific, Western Central",NA,NA,NA,NA,NA,5578,5578,1,NA,NA,NA,"[no agent data]",NA,"b4640710-8e03-11d8-b956-b8a03c50a862",NA,NA,NA,NA,"Holothuria",NA,NA,NA,NA,"",NA,"",NA,NA,NA,NA,NA,NA,NA
"2362","2014-05-22 14:02:34.0",NA,"",NA,"Australia, Northern Territory, Allaru Island, Cobourg Peninsula","2014-06-18T08:03:34.070Z","Animalia Echinodermata Holothuroidea Aspidochirotida Holothuriidae Holothuria (Lessonothuria) pardalis",NA,"",NA,NA,NA,"whole animal (70% ethanol)","","","",NA,NA,NA,NA,NA,NA,NA,NA,NA,"",NA,NA,NA,NA,NA,NA,NA,NA,NA,"http://mczbase.mcz.harvard.edu/guid/MCZ:IZ:HOL-1539",NA,"","","PhysicalObject","3cd7fa3c-44a3-417d-b8e9-886b6bb76d7d","",NA,NA,NA,"Holothuria (Lessonothuria) pardalis",NA,NA,NA,NA,"",NA,"","","President and Fellows of Harvard College",NA,NA,NA,NA,"",NA,NA,NA,"Selenka, 1867",NA,NA,NA,NA,NA,NA,"Museum of Comparative Zoology, Harvard University",NA,NA,NA,"PreservedSpecimen",0,"","Aspidochirotida","",NA,"http://mczbase.mcz.harvard.edu/guid/MCZ:IZ:HOL-1539",NA,NA,"",NA,NA,NA,"IZ","","",NA,NA,"MCZ:IZ:HOL-1539","",NA,NA,NA,NA,"",NA,NA,NA,"MCZ","Echinodermata",NA,"en",NA,"1932-05-22",NA,"May 22, 1932",NA,NA,"HOL-1539",NA,"",NA,"",NA,NA,NA,NA,NA,"ICZN",NA,NA,NA,"",NA,"Animalia","5ad149278b8ef2fa199d34a883086db179537381","",NA,"Holothuriidae",NA,NA,"not applicable",NA,"",NA,NA,"3cd7fa3c-44a3-417d-b8e9-886b6bb76d7d","Harvard Australian Expedition 1931-1932 , Hubert Lyman Clark","",NA,NA,NA,NA,NA,NA,NA,NA,NA,NA,"",NA,NA,NA,NA,NA,"pardalis",NA,NA,"872733a2-67a3-4c54-aa76-862735a5f334",NA,"Holothuroidea","Pacific Ocean",NA,"","","Pacific Ocean, Pacific, Western Central",NA,NA,NA,NA,NA,NA,NA,1,NA,NA,NA,"[no agent data]",NA,"b4640710-8e03-11d8-b956-b8a03c50a862",NA,NA,NA,NA,"Holothuria",NA,NA,NA,NA,"",NA,"",NA,NA,NA,NA,NA,NA,NA
"2365","2014-05-22 11:02:26.0",NA,"",NA,"United States, Hawaii, Hilo","2014-06-18T07:21:48.214Z","Animalia Echinodermata Holothuroidea Aspidochirotida Holothuriidae Holothuria (Lessonothuria) pardalis",NA,"",NA,NA,NA,"whole animal (70% ethanol)","","","",NA,NA,NA,NA,NA,NA,NA,NA,NA,"",NA,NA,NA,NA,NA,NA,NA,NA,NA,"http://mczbase.mcz.harvard.edu/guid/MCZ:IZ:HOL-962",NA,"","","PhysicalObject","05b64478-d646-414c-9df0-36025731ac9a","",NA,NA,NA,"Holothuria (Lessonothuria) pardalis",NA,NA,NA,NA,"",NA,"","","President and Fellows of Harvard College",NA,NA,NA,NA,"",NA,NA,NA,"Selenka, 1867",NA,NA,NA,NA,NA,NA,"Museum of Comparative Zoology, Harvard University",NA,NA,NA,"PreservedSpecimen",0,"","Aspidochirotida","",NA,"http://mczbase.mcz.harvard.edu/guid/MCZ:IZ:HOL-962",NA,NA,"",NA,NA,NA,"IZ","","",NA,NA,"MCZ:IZ:HOL-962","",NA,NA,NA,NA,"",NA,NA,NA,"MCZ","Echinodermata",NA,"en",NA,"1913-12-08",NA,"December 8, 1913",NA,NA,"HOL-962",NA,"",NA,"",NA,NA,NA,NA,NA,"ICZN",NA,NA,NA,"",NA,"Animalia","7be4d08189504bd1c2fd4ddc971fdf5085d6f965","",NA,"Holothuriidae",NA,NA,"not applicable",NA,"",NA,NA,"05b64478-d646-414c-9df0-36025731ac9a","Hubert Lyman Clark, Carnegie Expedition to the Torres Strait","",NA,NA,NA,NA,NA,NA,NA,NA,NA,NA,"",NA,NA,NA,NA,NA,"pardalis",NA,NA,"872733a2-67a3-4c54-aa76-862735a5f334",NA,"Holothuroidea","Pacific Ocean",NA,"","","Pacific Ocean, Pacific, Eastern Central",NA,NA,NA,NA,NA,NA,NA,1,NA,NA,NA,"[no agent data]",NA,"b4640710-8e03-11d8-b956-b8a03c50a862",NA,NA,NA,NA,"Holothuria",NA,NA,NA,NA,"",NA,"",NA,NA,NA,NA,NA,NA,NA
"2702","2014-06-10 16:59:13.0",NA,"",NA,"[no specific locality]","2014-07-13T03:08:36.474Z","Animalia Echinodermata Holothuroidea Aspidochirotida Holothuriidae Holothuria (Lessonothuria) pardalis",NA,"",NA,NA,NA,"whole animal (70% ethanol)","","","",NA,NA,NA,NA,NA,NA,NA,NA,NA,"",NA,NA,NA,NA,NA,NA,NA,NA,NA,"http://mczbase.mcz.harvard.edu/guid/MCZ:IZ:HOL-1420",NA,"","","PhysicalObject","37947cf2-62c9-42f9-ac13-1a6f0a2ae8c7","",NA,NA,NA,"Holothuria (Lessonothuria) pardalis",NA,NA,NA,NA,"",NA,"","","President and Fellows of Harvard College",NA,NA,NA,NA,"",NA,NA,NA,"Selenka, 1867",NA,NA,NA,NA,NA,NA,"Museum of Comparative Zoology, Harvard University",NA,NA,NA,"PreservedSpecimen",0,"","Aspidochirotida","",NA,"http://mczbase.mcz.harvard.edu/guid/MCZ:IZ:HOL-1420",NA,NA,"",NA,NA,NA,"IZ","","",NA,NA,"MCZ:IZ:HOL-1420","",NA,NA,NA,NA,"",NA,NA,NA,"MCZ","Echinodermata",NA,"en",NA,"1700-01-01/2014-04-02",NA,"[date unknown]",NA,NA,"HOL-1420",NA,"",NA,"",NA,NA,NA,NA,NA,"ICZN",NA,NA,NA,"",NA,"Animalia","24561d0579ff84e4bd20bbd7b914ef51a7db3bd5","",NA,"Holothuriidae",NA,NA,"not applicable",NA,"",NA,NA,"37947cf2-62c9-42f9-ac13-1a6f0a2ae8c7","[no agent data]","",NA,NA,NA,NA,NA,NA,NA,NA,NA,NA,"",NA,NA,NA,NA,NA,"pardalis",NA,NA,"872733a2-67a3-4c54-aa76-862735a5f334",NA,"Holothuroidea","[no higher geography data]",NA,"","","[no higher geography data], null",NA,NA,NA,NA,NA,NA,NA,1,NA,NA,NA,"[no agent data]",NA,"b4640710-8e03-11d8-b956-b8a03c50a862",NA,NA,NA,NA,"Holothuria",NA,NA,NA,NA,"",NA,"",NA,NA,NA,NA,NA,NA,NA
"2710","2013-01-10 11:11:11.0",NA,"",NA,"off Queensland; Lindeman Island; Cumberland group [Australia]","2014-07-13T00:38:26.208Z","Animalia Echinodermata Holothuroidea Aspidochirotida Holothuriidae Holothuria (Lessonothuria) pardalis",NA,"",NA,NA,NA,"whole animal (dry)","","","",NA,NA,NA,NA,NA,NA,NA,NA,NA,"",NA,NA,NA,NA,NA,NA,NA,NA,NA,"http://mczbase.mcz.harvard.edu/guid/MCZ:IZ:HOL-4086",NA,"","may be 1 small specimen of H. impatiens also. Found dry on shelf in April 2007 by GCB.","PhysicalObject","4fd12b2b-3168-46d0-bb2c-70ff1322dfb2","",NA,NA,NA,"Holothuria (Lessonothuria) pardalis",NA,NA,NA,NA,"",NA,"","","President and Fellows of Harvard College",NA,NA,NA,NA,"",NA,NA,NA,"Selenka, 1867",NA,NA,NA,NA,NA,NA,"Museum of Comparative Zoology, Harvard University",NA,NA,NA,"PreservedSpecimen",0,"","Aspidochirotida","",NA,"http://mczbase.mcz.harvard.edu/guid/MCZ:IZ:HOL-4086",NA,NA,"",NA,NA,NA,"IZ","","",NA,NA,"MCZ:IZ:HOL-4086","",NA,NA,NA,NA,"",NA,NA,NA,"MCZ","Echinodermata",NA,"en",NA,"1700-01-01/2012-06-19",NA,"[no date data]",NA,NA,"HOL-4086",NA,"",NA,"",NA,NA,NA,NA,NA,"ICZN",NA,NA,NA,"",NA,"Animalia","6a3615b4f5d6c0e68442ccaefe394c0372eb48a7","",NA,"Holothuriidae",NA,NA,"not applicable",NA,"",NA,NA,"4fd12b2b-3168-46d0-bb2c-70ff1322dfb2","[no agent data]","",NA,NA,NA,NA,NA,NA,NA,NA,NA,NA,"",NA,NA,NA,NA,NA,"pardalis",NA,NA,"872733a2-67a3-4c54-aa76-862735a5f334",NA,"Holothuroidea","Pacific Ocean",NA,"under stones between tide marks","","Pacific Ocean, Pacific, Western Central",NA,NA,NA,NA,NA,NA,NA,1,NA,NA,NA,"[no agent data]",NA,"b4640710-8e03-11d8-b956-b8a03c50a862",NA,NA,NA,NA,"Holothuria",NA,NA,NA,NA,"",NA,"",NA,NA,NA,NA,NA,NA,NA
